Workbook

Sheet Quy tac
A1: Quy tắc và tham số của mô hình
A2: Ô chữ xanh dương là tham số đầu vào: đổi số ở đây thì các cột tính toán trong sheet 'Nhat ky' tự tính lại.
A4: Tham số | B4: Giá trị | C4: Ý nghĩa
A5: Cơ số khả năng ghi nhớ | B5: 0.9 | C5: R = cơ số ^ (t / S): tại t = S, học viên còn nhớ 90%
A6: Ngưỡng độ yếu vào nhóm Yếu | B6: 0.5 | C6: Độ yếu ≥ 50%
A7: Số lần làm gần nhất dùng tính độ yếu | B7: 5 | C7: Độ yếu = (số sai + 1) / (số lần + 2) trên 5 lần gần nhất
A8: Thời gian nghỉ tối thiểu (giờ) | B8: 20 | C8: Câu làm chưa đủ 20 giờ thì không được chọn
A9: Số câu mỗi phiên | B9: 10
A10: Số câu mới tối thiểu mỗi phiên | B10: 3 | C10: Khi bể còn câu chưa làm
A11: Suất nhóm Yếu (phiên Cân bằng) | B11: 4 | C11: Trên 7 suất ôn tập
A12: Suất nhóm Sắp quên (phiên Cân bằng) | B12: 3 | C12: Trên 7 suất ôn tập
A15: Thang độ bền S (ngày)
A16: Bậc | B16: S (ngày) | C16: Diễn giải
A17: 1 | B17: 1 | C17: Lần đầu sai, hoặc vừa làm sai
A18: 2 | B18: 3 | C18: Lần đầu đúng
A19: 3 | B19: 7
A20: 4 | B20: 14
A21: 5 | B21: 30
A22: 6 | B22: 60 | C22: Bậc cao nhất
A24: Quy tắc đổi bậc
A25: • Lần làm đầu tiên: đúng → bậc 2 (3 ngày); sai → bậc 1 (1 ngày).
A26: • Làm sai: về bậc 1 (1 ngày), bất kể đang ở bậc nào.
A27: • Làm đúng khi đã đến hạn (t ≥ S): lên 1 bậc.
A28: • Làm đúng khi chưa đến hạn (t < S): giữ nguyên bậc. Nhớ lại khi chưa quên không làm trí nhớ bền thêm.
A29: • Nhóm Sắp quên: câu đã đến hạn (t ≥ S, tức R ≤ 90%), xếp R thấp lên trước.
A30: • Nhóm Yếu: độ yếu ≥ 50%, xếp độ yếu cao lên trước.
A31: • Một câu có thể thuộc cả hai nhóm; được chọn ở nhóm nào thì chỉ tính một lần.
A32: • Kết quả Đúng/Sai trong sheet 'Nhat ky' do một học viên giả lập sinh ra; mọi cột còn lại tính bằng công thức.

Sheet Nhat ky
A1: Phiên | B1: Ngày | C1: STT | D1: Mã câu | E1: Nhóm chọn | F1: Lịch sử 5 lần trước (cũ→mới) | G1: Độ yếu trước | H1: S trước (ngày) | I1: t: ngày từ lần làm cuối | J1: R trước | K1: Đã đến hạn? | L1: Kết quả | M1: Lịch sử sau | N1: Độ yếu sau | O1: S sau (ngày) | P1: Hạn ôn kế tiếp (ngày) | Q1: Quy tắc áp dụng
A2: 1 | B2: 1 | C2: 1 | D2: Q01 | E2: Mới | F2: — | G2: =IF(F2="—","—",(LEN(F2)-LEN(SUBSTITUTE(F2,"S",""))+1)/(LEN(F2)+2)) -> — | H2: — | I2: — | J2: =IF(H2="—","—",'Quy tac'!$B$5^(I2/H2)) -> — | K2: =IF(H2="—","Câu mới",IF(I2>=H2,"Có","Chưa")) -> Câu mới | L2: Đúng | M2: =RIGHT(IF(F2="—","",F2)&IF(L2="Đúng","Đ","S"),'Quy tac'!$B$7) -> Đ | N2: =(LEN(M2)-LEN(SUBSTITUTE(M2,"S",""))+1)/(LEN(M2)+2) -> 0.33333333 | O2: =IF(H2="—",IF(L2="Đúng",INDEX('Quy tac'!$B$17:$B$22,2),INDEX('Quy tac'!$B$17:$B$22,1)),IF(L2="Sai",INDEX('Quy tac'!$B$17:$B$22,1),IF(I2>=H2,INDEX('Quy tac'!$B$17:$B$22,MIN(MATCH(H2,'Quy tac'!$B$17:$B$22,0)+1,6)),H2))) -> 3 | P2: =B2+O2 -> 4 | Q2: =IF(H2="—",IF(L2="Đúng","Lần đầu đúng → 3 ngày","Lần đầu sai → 1 ngày"),IF(L2="Sai","Sai → về 1 ngày",IF(I2>=H2,"Đúng, đến hạn → lên 1 bậc","Đúng nhưng ôn sớm → giữ bậc"))) -> Lần đầu đúng → 3 ngày
A3: 1 | B3: 1 | C3: 2 | D3: Q02 | E3: Mới | F3: — | G3: =IF(F3="—","—",(LEN(F3)-LEN(SUBSTITUTE(F3,"S",""))+1)/(LEN(F3)+2)) -> — | H3: — | I3: — | J3: =IF(H3="—","—",'Quy tac'!$B$5^(I3/H3)) -> — | K3: =IF(H3="—","Câu mới",IF(I3>=H3,"Có","Chưa")) -> Câu mới | L3: Đúng | M3: =RIGHT(IF(F3="—","",F3)&IF(L3="Đúng","Đ","S"),'Quy tac'!$B$7) -> Đ | N3: =(LEN(M3)-LEN(SUBSTITUTE(M3,"S",""))+1)/(LEN(M3)+2) -> 0.33333333 | O3: =IF(H3="—",IF(L3="Đúng",INDEX('Quy tac'!$B$17:$B$22,2),INDEX('Quy tac'!$B$17:$B$22,1)),IF(L3="Sai",INDEX('Quy tac'!$B$17:$B$22,1),IF(I3>=H3,INDEX('Quy tac'!$B$17:$B$22,MIN(MATCH(H3,'Quy tac'!$B$17:$B$22,0)+1,6)),H3))) -> 3 | P3: =B3+O3 -> 4 | Q3: =IF(H3="—",IF(L3="Đúng","Lần đầu đúng → 3 ngày","Lần đầu sai → 1 ngày"),IF(L3="Sai","Sai → về 1 ngày",IF(I3>=H3,"Đúng, đến hạn → lên 1 bậc","Đúng nhưng ôn sớm → giữ bậc"))) -> Lần đầu đúng → 3 ngày
A4: 1 | B4: 1 | C4: 3 | D4: Q03 | E4: Mới | F4: — | G4: =IF(F4="—","—",(LEN(F4)-LEN(SUBSTITUTE(F4,"S",""))+1)/(LEN(F4)+2)) -> — | H4: — | I4: — | J4: =IF(H4="—","—",'Quy tac'!$B$5^(I4/H4)) -> — | K4: =IF(H4="—","Câu mới",IF(I4>=H4,"Có","Chưa")) -> Câu mới | L4: Sai | M4: =RIGHT(IF(F4="—","",F4)&IF(L4="Đúng","Đ","S"),'Quy tac'!$B$7) -> S | N4: =(LEN(M4)-LEN(SUBSTITUTE(M4,"S",""))+1)/(LEN(M4)+2) -> 0.66666667 | O4: =IF(H4="—",IF(L4="Đúng",INDEX('Quy tac'!$B$17:$B$22,2),INDEX('Quy tac'!$B$17:$B$22,1)),IF(L4="Sai",INDEX('Quy tac'!$B$17:$B$22,1),IF(I4>=H4,INDEX('Quy tac'!$B$17:$B$22,MIN(MATCH(H4,'Quy tac'!$B$17:$B$22,0)+1,6)),H4))) -> 1 | P4: =B4+O4 -> 2 | Q4: =IF(H4="—",IF(L4="Đúng","Lần đầu đúng → 3 ngày","Lần đầu sai → 1 ngày"),IF(L4="Sai","Sai → về 1 ngày",IF(I4>=H4,"Đúng, đến hạn → lên 1 bậc","Đúng nhưng ôn sớm → giữ bậc"))) -> Lần đầu sai → 1 ngày
A5: 1 | B5: 1 | C5: 4 | D5: Q04 | E5: Mới | F5: — | G5: =IF(F5="—","—",(LEN(F5)-LEN(SUBSTITUTE(F5,"S",""))+1)/(LEN(F5)+2)) -> — | H5: — | I5: — | J5: =IF(H5="—","—",'Quy tac'!$B$5^(I5/H5)) -> — | K5: =IF(H5="—","Câu mới",IF(I5>=H5,"Có","Chưa")) -> Câu mới | L5: Đúng | M5: =RIGHT(IF(F5="—","",F5)&IF(L5="Đúng","Đ","S"),'Quy tac'!$B$7) -> Đ | N5: =(LEN(M5)-LEN(SUBSTITUTE(M5,"S",""))+1)/(LEN(M5)+2) -> 0.33333333 | O5: =IF(H5="—",IF(L5="Đúng",INDEX('Quy tac'!$B$17:$B$22,2),INDEX('Quy tac'!$B$17:$B$22,1)),IF(L5="Sai",INDEX('Quy tac'!$B$17:$B$22,1),IF(I5>=H5,INDEX('Quy tac'!$B$17:$B$22,MIN(MATCH(H5,'Quy tac'!$B$17:$B$22,0)+1,6)),H5))) -> 3 | P5: =B5+O5 -> 4 | Q5: =IF(H5="—",IF(L5="Đúng","Lần đầu đúng → 3 ngày","Lần đầu sai → 1 ngày"),IF(L5="Sai","Sai → về 1 ngày",IF(I5>=H5,"Đúng, đến hạn → lên 1 bậc","Đúng nhưng ôn sớm → giữ bậc"))) -> Lần đầu đúng → 3 ngày
A6: 1 | B6: 1 | C6: 5 | D6: Q05 | E6: Mới | F6: — | G6: =IF(F6="—","—",(LEN(F6)-LEN(SUBSTITUTE(F6,"S",""))+1)/(LEN(F6)+2)) -> — | H6: — | I6: — | J6: =IF(H6="—","—",'Quy tac'!$B$5^(I6/H6)) -> — | K6: =IF(H6="—","Câu mới",IF(I6>=H6,"Có","Chưa")) -> Câu mới | L6: Sai | M6: =RIGHT(IF(F6="—","",F6)&IF(L6="Đúng","Đ","S"),'Quy tac'!$B$7) -> S | N6: =(LEN(M6)-LEN(SUBSTITUTE(M6,"S",""))+1)/(LEN(M6)+2) -> 0.66666667 | O6: =IF(H6="—",IF(L6="Đúng",INDEX('Quy tac'!$B$17:$B$22,2),INDEX('Quy tac'!$B$17:$B$22,1)),IF(L6="Sai",INDEX('Quy tac'!$B$17:$B$22,1),IF(I6>=H6,INDEX('Quy tac'!$B$17:$B$22,MIN(MATCH(H6,'Quy tac'!$B$17:$B$22,0)+1,6)),H6))) -> 1 | P6: =B6+O6 -> 2 | Q6: =IF(H6="—",IF(L6="Đúng","Lần đầu đúng → 3 ngày","Lần đầu sai → 1 ngày"),IF(L6="Sai","Sai → về 1 ngày",IF(I6>=H6,"Đúng, đến hạn → lên 1 bậc","Đúng nhưng ôn sớm → giữ bậc"))) -> Lần đầu sai → 1 ngày
A7: 1 | B7: 1 | C7: 6 | D7: Q06 | E7: Mới | F7: — | G7: =IF(F7="—","—",(LEN(F7)-LEN(SUBSTITUTE(F7,"S",""))+1)/(LEN(F7)+2)) -> — | H7: — | I7: — | J7: =IF(H7="—","—",'Quy tac'!$B$5^(I7/H7)) -> — | K7: =IF(H7="—","Câu mới",IF(I7>=H7,"Có","Chưa")) -> Câu mới | L7: Đúng | M7: =RIGHT(IF(F7="—","",F7)&IF(L7="Đúng","Đ","S"),'Quy tac'!$B$7) -> Đ | N7: =(LEN(M7)-LEN(SUBSTITUTE(M7,"S",""))+1)/(LEN(M7)+2) -> 0.33333333 | O7: =IF(H7="—",IF(L7="Đúng",INDEX('Quy tac'!$B$17:$B$22,2),INDEX('Quy tac'!$B$17:$B$22,1)),IF(L7="Sai",INDEX('Quy tac'!$B$17:$B$22,1),IF(I7>=H7,INDEX('Quy tac'!$B$17:$B$22,MIN(MATCH(H7,'Quy tac'!$B$17:$B$22,0)+1,6)),H7))) -> 3 | P7: =B7+O7 -> 4 | Q7: =IF(H7="—",IF(L7="Đúng","Lần đầu đúng → 3 ngày","Lần đầu sai → 1 ngày"),IF(L7="Sai","Sai → về 1 ngày",IF(I7>=H7,"Đúng, đến hạn → lên 1 bậc","Đúng nhưng ôn sớm → giữ bậc"))) -> Lần đầu đúng → 3 ngày
A8: 1 | B8: 1 | C8: 7 | D8: Q07 | E8: Mới | F8: — | G8: =IF(F8="—","—",(LEN(F8)-LEN(SUBSTITUTE(F8,"S",""))+1)/(LEN(F8)+2)) -> — | H8: — | I8: — | J8: =IF(H8="—","—",'Quy tac'!$B$5^(I8/H8)) -> — | K8: =IF(H8="—","Câu mới",IF(I8>=H8,"Có","Chưa")) -> Câu mới | L8: Đúng | M8: =RIGHT(IF(F8="—","",F8)&IF(L8="Đúng","Đ","S"),'Quy tac'!$B$7) -> Đ | N8: =(LEN(M8)-LEN(SUBSTITUTE(M8,"S",""))+1)/(LEN(M8)+2) -> 0.33333333 | O8: =IF(H8="—",IF(L8="Đúng",INDEX('Quy tac'!$B$17:$B$22,2),INDEX('Quy tac'!$B$17:$B$22,1)),IF(L8="Sai",INDEX('Quy tac'!$B$17:$B$22,1),IF(I8>=H8,INDEX('Quy tac'!$B$17:$B$22,MIN(MATCH(H8,'Quy tac'!$B$17:$B$22,0)+1,6)),H8))) -> 3 | P8: =B8+O8 -> 4 | Q8: =IF(H8="—",IF(L8="Đúng","Lần đầu đúng → 3 ngày","Lần đầu sai → 1 ngày"),IF(L8="Sai","Sai → về 1 ngày",IF(I8>=H8,"Đúng, đến hạn → lên 1 bậc","Đúng nhưng ôn sớm → giữ bậc"))) -> Lần đầu đúng → 3 ngày
A9: 1 | B9: 1 | C9: 8 | D9: Q08 | E9: Mới | F9: — | G9: =IF(F9="—","—",(LEN(F9)-LEN(SUBSTITUTE(F9,"S",""))+1)/(LEN(F9)+2)) -> — | H9: — | I9: — | J9: =IF(H9="—","—",'Quy tac'!$B$5^(I9/H9)) -> — | K9: =IF(H9="—","Câu mới",IF(I9>=H9,"Có","Chưa")) -> Câu mới | L9: Đúng | M9: =RIGHT(IF(F9="—","",F9)&IF(L9="Đúng","Đ","S"),'Quy tac'!$B$7) -> Đ | N9: =(LEN(M9)-LEN(SUBSTITUTE(M9,"S",""))+1)/(LEN(M9)+2) -> 0.33333333 | O9: =IF(H9="—",IF(L9="Đúng",INDEX('Quy tac'!$B$17:$B$22,2),INDEX('Quy tac'!$B$17:$B$22,1)),IF(L9="Sai",INDEX('Quy tac'!$B$17:$B$22,1),IF(I9>=H9,INDEX('Quy tac'!$B$17:$B$22,MIN(MATCH(H9,'Quy tac'!$B$17:$B$22,0)+1,6)),H9))) -> 3 | P9: =B9+O9 -> 4 | Q9: =IF(H9="—",IF(L9="Đúng","Lần đầu đúng → 3 ngày","Lần đầu sai → 1 ngày"),IF(L9="Sai","Sai → về 1 ngày",IF(I9>=H9,"Đúng, đến hạn → lên 1 bậc","Đúng nhưng ôn sớm → giữ bậc"))) -> Lần đầu đúng → 3 ngày
A10: 1 | B10: 1 | C10: 9 | D10: Q09 | E10: Mới | F10: — | G10: =IF(F10="—","—",(LEN(F10)-LEN(SUBSTITUTE(F10,"S",""))+1)/(LEN(F10)+2)) -> — | H10: — | I10: — | J10: =IF(H10="—","—",'Quy tac'!$B$5^(I10/H10)) -> — | K10: =IF(H10="—","Câu mới",IF(I10>=H10,"Có","Chưa")) -> Câu mới | L10: Đúng | M10: =RIGHT(IF(F10="—","",F10)&IF(L10="Đúng","Đ","S"),'Quy tac'!$B$7) -> Đ | N10: =(LEN(M10)-LEN(SUBSTITUTE(M10,"S",""))+1)/(LEN(M10)+2) -> 0.33333333 | O10: =IF(H10="—",IF(L10="Đúng",INDEX('Quy tac'!$B$17:$B$22,2),INDEX('Quy tac'!$B$17:$B$22,1)),IF(L10="Sai",INDEX('Quy tac'!$B$17:$B$22,1),IF(I10>=H10,INDEX('Quy tac'!$B$17:$B$22,MIN(MATCH(H10,'Quy tac'!$B$17:$B$22,0)+1,6)),H10))) -> 3 | P10: =B10+O10 -> 4 | Q10: =IF(H10="—",IF(L10="Đúng","Lần đầu đúng → 3 ngày","Lần đầu sai → 1 ngày"),IF(L10="Sai","Sai → về 1 ngày",IF(I10>=H10,"Đúng, đến hạn → lên 1 bậc","Đúng nhưng ôn sớm → giữ bậc"))) -> Lần đầu đúng → 3 ngày
A11: 1 | B11: 1 | C11: 10 | D11: Q10 | E11: Mới | F11: — | G11: =IF(F11="—","—",(LEN(F11)-LEN(SUBSTITUTE(F11,"S",""))+1)/(LEN(F11)+2)) -> — | H11: — | I11: — | J11: =IF(H11="—","—",'Quy tac'!$B$5^(I11/H11)) -> — | K11: =IF(H11="—","Câu mới",IF(I11>=H11,"Có","Chưa")) -> Câu mới | L11: Sai | M11: =RIGHT(IF(F11="—","",F11)&IF(L11="Đúng","Đ","S"),'Quy tac'!$B$7) -> S | N11: =(LEN(M11)-LEN(SUBSTITUTE(M11,"S",""))+1)/(LEN(M11)+2) -> 0.66666667 | O11: =IF(H11="—",IF(L11="Đúng",INDEX('Quy tac'!$B$17:$B$22,2),INDEX('Quy tac'!$B$17:$B$22,1)),IF(L11="Sai",INDEX('Quy tac'!$B$17:$B$22,1),IF(I11>=H11,INDEX('Quy tac'!$B$17:$B$22,MIN(MATCH(H11,'Quy tac'!$B$17:$B$22,0)+1,6)),H11))) -> 1 | P11: =B11+O11 -> 2 | Q11: =IF(H11="—",IF(L11="Đúng","Lần đầu đúng → 3 ngày","Lần đầu sai → 1 ngày"),IF(L11="Sai","Sai → về 1 ngày",IF(I11>=H11,"Đúng, đến hạn → lên 1 bậc","Đúng nhưng ôn sớm → giữ bậc"))) -> Lần đầu sai → 1 ngày
A12: 2 | B12: 2 | C12: 1 | D12: Q03 | E12: Yếu | F12: S | G12: =IF(F12="—","—",(LEN(F12)-LEN(SUBSTITUTE(F12,"S",""))+1)/(LEN(F12)+2)) -> 0.66666667 | H12: 1 | I12: 1 | J12: =IF(H12="—","—",'Quy tac'!$B$5^(I12/H12)) -> 0.9 | K12: =IF(H12="—","Câu mới",IF(I12>=H12,"Có","Chưa")) -> Có | L12: Sai | M12: =RIGHT(IF(F12="—","",F12)&IF(L12="Đúng","Đ","S"),'Quy tac'!$B$7) -> SS | N12: =(LEN(M12)-LEN(SUBSTITUTE(M12,"S",""))+1)/(LEN(M12)+2) -> 0.75 | O12: =IF(H12="—",IF(L12="Đúng",INDEX('Quy tac'!$B$17:$B$22,2),INDEX('Quy tac'!$B$17:$B$22,1)),IF(L12="Sai",INDEX('Quy tac'!$B$17:$B$22,1),IF(I12>=H12,INDEX('Quy tac'!$B$17:$B$22,MIN(MATCH(H12,'Quy tac'!$B$17:$B$22,0)+1,6)),H12))) -> 1 | P12: =B12+O12 -> 3 | Q12: =IF(H12="—",IF(L12="Đúng","Lần đầu đúng → 3 ngày","Lần đầu sai → 1 ngày"),IF(L12="Sai","Sai → về 1 ngày",IF(I12>=H12,"Đúng, đến hạn → lên 1 bậc","Đúng nhưng ôn sớm → giữ bậc"))) -> Sai → về 1 ngày
A13: 2 | B13: 2 | C13: 2 | D13: Q05 | E13: Yếu | F13: S | G13: =IF(F13="—","—",(LEN(F13)-LEN(SUBSTITUTE(F13,"S",""))+1)/(LEN(F13)+2)) -> 0.66666667 | H13: 1 | I13: 1 | J13: =IF(H13="—","—",'Quy tac'!$B$5^(I13/H13)) -> 0.9 | K13: =IF(H13="—","Câu mới",IF(I13>=H13,"Có","Chưa")) -> Có | L13: Đúng | M13: =RIGHT(IF(F13="—","",F13)&IF(L13="Đúng","Đ","S"),'Quy tac'!$B$7) -> SĐ | N13: =(LEN(M13)-LEN(SUBSTITUTE(M13,"S",""))+1)/(LEN(M13)+2) -> 0.5 | O13: =IF(H13="—",IF(L13="Đúng",INDEX('Quy tac'!$B$17:$B$22,2),INDEX('Quy tac'!$B$17:$B$22,1)),IF(L13="Sai",INDEX('Quy tac'!$B$17:$B$22,1),IF(I13>=H13,INDEX('Quy tac'!$B$17:$B$22,MIN(MATCH(H13,'Quy tac'!$B$17:$B$22,0)+1,6)),H13))) -> 3 | P13: =B13+O13 -> 5 | Q13: =IF(H13="—",IF(L13="Đúng","Lần đầu đúng → 3 ngày","Lần đầu sai → 1 ngày"),IF(L13="Sai","Sai → về 1 ngày",IF(I13>=H13,"Đúng, đến hạn → lên 1 bậc","Đúng nhưng ôn sớm → giữ bậc"))) -> Đúng, đến hạn → lên 1 bậc
A14: 2 | B14: 2 | C14: 3 | D14: Q10 | E14: Yếu | F14: S | G14: =IF(F14="—","—",(LEN(F14)-LEN(SUBSTITUTE(F14,"S",""))+1)/(LEN(F14)+2)) -> 0.66666667 | H14: 1 | I14: 1 | J14: =IF(H14="—","—",'Quy tac'!$B$5^(I14/H14)) -> 0.9 | K14: =IF(H14="—","Câu mới",IF(I14>=H14,"Có","Chưa")) -> Có | L14: Đúng | M14: =RIGHT(IF(F14="—","",F14)&IF(L14="Đúng","Đ","S"),'Quy tac'!$B$7) -> SĐ | N14: =(LEN(M14)-LEN(SUBSTITUTE(M14,"S",""))+1)/(LEN(M14)+2) -> 0.5 | O14: =IF(H14="—",IF(L14="Đúng",INDEX('Quy tac'!$B$17:$B$22,2),INDEX('Quy tac'!$B$17:$B$22,1)),IF(L14="Sai",INDEX('Quy tac'!$B$17:$B$22,1),IF(I14>=H14,INDEX('Quy tac'!$B$17:$B$22,MIN(MATCH(H14,'Quy tac'!$B$17:$B$22,0)+1,6)),H14))) -> 3 | P14: =B14+O14 -> 5 | Q14: =IF(H14="—",IF(L14="Đúng","Lần đầu đúng → 3 ngày","Lần đầu sai → 1 ngày"),IF(L14="Sai","Sai → về 1 ngày",IF(I14>=H14,"Đúng, đến hạn → lên 1 bậc","Đúng nhưng ôn sớm → giữ bậc"))) -> Đúng, đến hạn → lên 1 bậc
A15: 2 | B15: 2 | C15: 4 | D15: Q11 | E15: Mới | F15: — | G15: =IF(F15="—","—",(LEN(F15)-LEN(SUBSTITUTE(F15,"S",""))+1)/(LEN(F15)+2)) -> — | H15: — | I15: — | J15: =IF(H15="—","—",'Quy tac'!$B$5^(I15/H15)) -> — | K15: =IF(H15="—","Câu mới",IF(I15>=H15,"Có","Chưa")) -> Câu mới | L15: Đúng | M15: =RIGHT(IF(F15="—","",F15)&IF(L15="Đúng","Đ","S"),'Quy tac'!$B$7) -> Đ | N15: =(LEN(M15)-LEN(SUBSTITUTE(M15,"S",""))+1)/(LEN(M15)+2) -> 0.33333333 | O15: =IF(H15="—",IF(L15="Đúng",INDEX('Quy tac'!$B$17:$B$22,2),INDEX('Quy tac'!$B$17:$B$22,1)),IF(L15="Sai",INDEX('Quy tac'!$B$17:$B$22,1),IF(I15>=H15,INDEX('Quy tac'!$B$17:$B$22,MIN(MATCH(H15,'Quy tac'!$B$17:$B$22,0)+1,6)),H15))) -> 3 | P15: =B15+O15 -> 5 | Q15: =IF(H15="—",IF(L15="Đúng","Lần đầu đúng → 3 ngày","Lần đầu sai → 1 ngày"),IF(L15="Sai","Sai → về 1 ngày",IF(I15>=H15,"Đúng, đến hạn → lên 1 bậc","Đúng nhưng ôn sớm → giữ bậc"))) -> Lần đầu đúng → 3 ngày
A16: 2 | B16: 2 | C16: 5 | D16: Q12 | E16: Mới | F16: — | G16: =IF(F16="—","—",(LEN(F16)-LEN(SUBSTITUTE(F16,"S",""))+1)/(LEN(F16)+2)) -> — | H16: — | I16: — | J16: =IF(H16="—","—",'Quy tac'!$B$5^(I16/H16)) -> — | K16: =IF(H16="—","Câu mới",IF(I16>=H16,"Có","Chưa")) -> Câu mới | L16: Đúng | M16: =RIGHT(IF(F16="—","",F16)&IF(L16="Đúng","Đ","S"),'Quy tac'!$B$7) -> Đ | N16: =(LEN(M16)-LEN(SUBSTITUTE(M16,"S",""))+1)/(LEN(M16)+2) -> 0.33333333 | O16: =IF(H16="—",IF(L16="Đúng",INDEX('Quy tac'!$B$17:$B$22,2),INDEX('Quy tac'!$B$17:$B$22,1)),IF(L16="Sai",INDEX('Quy tac'!$B$17:$B$22,1),IF(I16>=H16,INDEX('Quy tac'!$B$17:$B$22,MIN(MATCH(H16,'Quy tac'!$B$17:$B$22,0)+1,6)),H16))) -> 3 | P16: =B16+O16 -> 5 | Q16: =IF(H16="—",IF(L16="Đúng","Lần đầu đúng → 3 ngày","Lần đầu sai → 1 ngày"),IF(L16="Sai","Sai → về 1 ngày",IF(I16>=H16,"Đúng, đến hạn → lên 1 bậc","Đúng nhưng ôn sớm → giữ bậc"))) -> Lần đầu đúng → 3 ngày
A17: 2 | B17: 2 | C17: 6 | D17: Q13 | E17: Mới | F17: — | G17: =IF(F17="—","—",(LEN(F17)-LEN(SUBSTITUTE(F17,"S",""))+1)/(LEN(F17)+2)) -> — | H17: — | I17: — | J17: =IF(H17="—","—",'Quy tac'!$B$5^(I17/H17)) -> — | K17: =IF(H17="—","Câu mới",IF(I17>=H17,"Có","Chưa")) -> Câu mới | L17: Đúng | M17: =RIGHT(IF(F17="—","",F17)&IF(L17="Đúng","Đ","S"),'Quy tac'!$B$7) -> Đ | N17: =(LEN(M17)-LEN(SUBSTITUTE(M17,"S",""))+1)/(LEN(M17)+2) -> 0.33333333 | O17: =IF(H17="—",IF(L17="Đúng",INDEX('Quy tac'!$B$17:$B$22,2),INDEX('Quy tac'!$B$17:$B$22,1)),IF(L17="Sai",INDEX('Quy tac'!$B$17:$B$22,1),IF(I17>=H17,INDEX('Quy tac'!$B$17:$B$22,MIN(MATCH(H17,'Quy tac'!$B$17:$B$22,0)+1,6)),H17))) -> 3 | P17: =B17+O17 -> 5 | Q17: =IF(H17="—",IF(L17="Đúng","Lần đầu đúng → 3 ngày","Lần đầu sai → 1 ngày"),IF(L17="Sai","Sai → về 1 ngày",IF(I17>=H17,"Đúng, đến hạn → lên 1 bậc","Đúng nhưng ôn sớm → giữ bậc"))) -> Lần đầu đúng → 3 ngày
A18: 2 | B18: 2 | C18: 7 | D18: Q14 | E18: Mới | F18: — | G18: =IF(F18="—","—",(LEN(F18)-LEN(SUBSTITUTE(F18,"S",""))+1)/(LEN(F18)+2)) -> — | H18: — | I18: — | J18: =IF(H18="—","—",'Quy tac'!$B$5^(I18/H18)) -> — | K18: =IF(H18="—","Câu mới",IF(I18>=H18,"Có","Chưa")) -> Câu mới | L18: Sai | M18: =RIGHT(IF(F18="—","",F18)&IF(L18="Đúng","Đ","S"),'Quy tac'!$B$7) -> S | N18: =(LEN(M18)-LEN(SUBSTITUTE(M18,"S",""))+1)/(LEN(M18)+2) -> 0.66666667 | O18: =IF(H18="—",IF(L18="Đúng",INDEX('Quy tac'!$B$17:$B$22,2),INDEX('Quy tac'!$B$17:$B$22,1)),IF(L18="Sai",INDEX('Quy tac'!$B$17:$B$22,1),IF(I18>=H18,INDEX('Quy tac'!$B$17:$B$22,MIN(MATCH(H18,'Quy tac'!$B$17:$B$22,0)+1,6)),H18))) -> 1 | P18: =B18+O18 -> 3 | Q18: =IF(H18="—",IF(L18="Đúng","Lần đầu đúng → 3 ngày","Lần đầu sai → 1 ngày"),IF(L18="Sai","Sai → về 1 ngày",IF(I18>=H18,"Đúng, đến hạn → lên 1 bậc","Đúng nhưng ôn sớm → giữ bậc"))) -> Lần đầu sai → 1 ngày
A19: 2 | B19: 2 | C19: 8 | D19: Q15 | E19: Mới | F19: — | G19: =IF(F19="—","—",(LEN(F19)-LEN(SUBSTITUTE(F19,"S",""))+1)/(LEN(F19)+2)) -> — | H19: — | I19: — | J19: =IF(H19="—","—",'Quy tac'!$B$5^(I19/H19)) -> — | K19: =IF(H19="—","Câu mới",IF(I19>=H19,"Có","Chưa")) -> Câu mới | L19: Sai | M19: =RIGHT(IF(F19="—","",F19)&IF(L19="Đúng","Đ","S"),'Quy tac'!$B$7) -> S | N19: =(LEN(M19)-LEN(SUBSTITUTE(M19,"S",""))+1)/(LEN(M19)+2) -> 0.66666667 | O19: =IF(H19="—",IF(L19="Đúng",INDEX('Quy tac'!$B$17:$B$22,2),INDEX('Quy tac'!$B$17:$B$22,1)),IF(L19="Sai",INDEX('Quy tac'!$B$17:$B$22,1),IF(I19>=H19,INDEX('Quy tac'!$B$17:$B$22,MIN(MATCH(H19,'Quy tac'!$B$17:$B$22,0)+1,6)),H19))) -> 1 | P19: =B19+O19 -> 3 | Q19: =IF(H19="—",IF(L19="Đúng","Lần đầu đúng → 3 ngày","Lần đầu sai → 1 ngày"),IF(L19="Sai","Sai → về 1 ngày",IF(I19>=H19,"Đúng, đến hạn → lên 1 bậc","Đúng nhưng ôn sớm → giữ bậc"))) -> Lần đầu sai → 1 ngày
A20: 2 | B20: 2 | C20: 9 | D20: Q16 | E20: Mới | F20: — | G20: =IF(F20="—","—",(LEN(F20)-LEN(SUBSTITUTE(F20,"S",""))+1)/(LEN(F20)+2)) -> — | H20: — | I20: — | J20: =IF(H20="—","—",'Quy tac'!$B$5^(I20/H20)) -> — | K20: =IF(H20="—","Câu mới",IF(I20>=H20,"Có","Chưa")) -> Câu mới | L20: Đúng | M20: =RIGHT(IF(F20="—","",F20)&IF(L20="Đúng","Đ","S"),'Quy tac'!$B$7) -> Đ | N20: =(LEN(M20)-LEN(SUBSTITUTE(M20,"S",""))+1)/(LEN(M20)+2) -> 0.33333333 | O20: =IF(H20="—",IF(L20="Đúng",INDEX('Quy tac'!$B$17:$B$22,2),INDEX('Quy tac'!$B$17:$B$22,1)),IF(L20="Sai",INDEX('Quy tac'!$B$17:$B$22,1),IF(I20>=H20,INDEX('Quy tac'!$B$17:$B$22,MIN(MATCH(H20,'Quy tac'!$B$17:$B$22,0)+1,6)),H20))) -> 3 | P20: =B20+O20 -> 5 | Q20: =IF(H20="—",IF(L20="Đúng","Lần đầu đúng → 3 ngày","Lần đầu sai → 1 ngày"),IF(L20="Sai","Sai → về 1 ngày",IF(I20>=H20,"Đúng, đến hạn → lên 1 bậc","Đúng nhưng ôn sớm → giữ bậc"))) -> Lần đầu đúng → 3 ngày
A21: 2 | B21: 2 | C21: 10 | D21: Q17 | E21: Mới | F21: — | G21: =IF(F21="—","—",(LEN(F21)-LEN(SUBSTITUTE(F21,"S",""))+1)/(LEN(F21)+2)) -> — | H21: — | I21: — | J21: =IF(H21="—","—",'Quy tac'!$B$5^(I21/H21)) -> — | K21: =IF(H21="—","Câu mới",IF(I21>=H21,"Có","Chưa")) -> Câu mới | L21: Sai | M21: =RIGHT(IF(F21="—","",F21)&IF(L21="Đúng","Đ","S"),'Quy tac'!$B$7) -> S | N21: =(LEN(M21)-LEN(SUBSTITUTE(M21,"S",""))+1)/(LEN(M21)+2) -> 0.66666667 | O21: =IF(H21="—",IF(L21="Đúng",INDEX('Quy tac'!$B$17:$B$22,2),INDEX('Quy tac'!$B$17:$B$22,1)),IF(L21="Sai",INDEX('Quy tac'!$B$17:$B$22,1),IF(I21>=H21,INDEX('Quy tac'!$B$17:$B$22,MIN(MATCH(H21,'Quy tac'!$B$17:$B$22,0)+1,6)),H21))) -> 1 | P21: =B21+O21 -> 3 | Q21: =IF(H21="—",IF(L21="Đúng","Lần đầu đúng → 3 ngày","Lần đầu sai → 1 ngày"),IF(L21="Sai","Sai → về 1 ngày",IF(I21>=H21,"Đúng, đến hạn → lên 1 bậc","Đúng nhưng ôn sớm → giữ bậc"))) -> Lần đầu sai → 1 ngày
A22: 3 | B22: 3 | C22: 1 | D22: Q03 | E22: Yếu | F22: SS | G22: =IF(F22="—","—",(LEN(F22)-LEN(SUBSTITUTE(F22,"S",""))+1)/(LEN(F22)+2)) -> 0.75 | H22: 1 | I22: 1 | J22: =IF(H22="—","—",'Quy tac'!$B$5^(I22/H22)) -> 0.9 | K22: =IF(H22="—","Câu mới",IF(I22>=H22,"Có","Chưa")) -> Có | L22: Sai | M22: =RIGHT(IF(F22="—","",F22)&IF(L22="Đúng","Đ","S"),'Quy tac'!$B$7) -> SSS | N22: =(LEN(M22)-LEN(SUBSTITUTE(M22,"S",""))+1)/(LEN(M22)+2) -> 0.8 | O22: =IF(H22="—",IF(L22="Đúng",INDEX('Quy tac'!$B$17:$B$22,2),INDEX('Quy tac'!$B$17:$B$22,1)),IF(L22="Sai",INDEX('Quy tac'!$B$17:$B$22,1),IF(I22>=H22,INDEX('Quy tac'!$B$17:$B$22,MIN(MATCH(H22,'Quy tac'!$B$17:$B$22,0)+1,6)),H22))) -> 1 | P22: =B22+O22 -> 4 | Q22: =IF(H22="—",IF(L22="Đúng","Lần đầu đúng → 3 ngày","Lần đầu sai → 1 ngày"),IF(L22="Sai","Sai → về 1 ngày",IF(I22>=H22,"Đúng, đến hạn → lên 1 bậc","Đúng nhưng ôn sớm → giữ bậc"))) -> Sai → về 1 ngày
A23: 3 | B23: 3 | C23: 2 | D23: Q14 | E23: Yếu | F23: S | G23: =IF(F23="—","—",(LEN(F23)-LEN(SUBSTITUTE(F23,"S",""))+1)/(LEN(F23)+2)) -> 0.66666667 | H23: 1 | I23: 1 | J23: =IF(H23="—","—",'Quy tac'!$B$5^(I23/H23)) -> 0.9 | K23: =IF(H23="—","Câu mới",IF(I23>=H23,"Có","Chưa")) -> Có | L23: Sai | M23: =RIGHT(IF(F23="—","",F23)&IF(L23="Đúng","Đ","S"),'Quy tac'!$B$7) -> SS | N23: =(LEN(M23)-LEN(SUBSTITUTE(M23,"S",""))+1)/(LEN(M23)+2) -> 0.75 | O23: =IF(H23="—",IF(L23="Đúng",INDEX('Quy tac'!$B$17:$B$22,2),INDEX('Quy tac'!$B$17:$B$22,1)),IF(L23="Sai",INDEX('Quy tac'!$B$17:$B$22,1),IF(I23>=H23,INDEX('Quy tac'!$B$17:$B$22,MIN(MATCH(H23,'Quy tac'!$B$17:$B$22,0)+1,6)),H23))) -> 1 | P23: =B23+O23 -> 4 | Q23: =IF(H23="—",IF(L23="Đúng","Lần đầu đúng → 3 ngày","Lần đầu sai → 1 ngày"),IF(L23="Sai","Sai → về 1 ngày",IF(I23>=H23,"Đúng, đến hạn → lên 1 bậc","Đúng nhưng ôn sớm → giữ bậc"))) -> Sai → về 1 ngày
A24: 3 | B24: 3 | C24: 3 | D24: Q15 | E24: Yếu | F24: S | G24: =IF(F24="—","—",(LEN(F24)-LEN(SUBSTITUTE(F24,"S",""))+1)/(LEN(F24)+2)) -> 0.66666667 | H24: 1 | I24: 1 | J24: =IF(H24="—","—",'Quy tac'!$B$5^(I24/H24)) -> 0.9 | K24: =IF(H24="—","Câu mới",IF(I24>=H24,"Có","Chưa")) -> Có | L24: Đúng | M24: =RIGHT(IF(F24="—","",F24)&IF(L24="Đúng","Đ","S"),'Quy tac'!$B$7) -> SĐ | N24: =(LEN(M24)-LEN(SUBSTITUTE(M24,"S",""))+1)/(LEN(M24)+2) -> 0.5 | O24: =IF(H24="—",IF(L24="Đúng",INDEX('Quy tac'!$B$17:$B$22,2),INDEX('Quy tac'!$B$17:$B$22,1)),IF(L24="Sai",INDEX('Quy tac'!$B$17:$B$22,1),IF(I24>=H24,INDEX('Quy tac'!$B$17:$B$22,MIN(MATCH(H24,'Quy tac'!$B$17:$B$22,0)+1,6)),H24))) -> 3 | P24: =B24+O24 -> 6 | Q24: =IF(H24="—",IF(L24="Đúng","Lần đầu đúng → 3 ngày","Lần đầu sai → 1 ngày"),IF(L24="Sai","Sai → về 1 ngày",IF(I24>=H24,"Đúng, đến hạn → lên 1 bậc","Đúng nhưng ôn sớm → giữ bậc"))) -> Đúng, đến hạn → lên 1 bậc
A25: 3 | B25: 3 | C25: 4 | D25: Q17 | E25: Yếu | F25: S | G25: =IF(F25="—","—",(LEN(F25)-LEN(SUBSTITUTE(F25,"S",""))+1)/(LEN(F25)+2)) -> 0.66666667 | H25: 1 | I25: 1 | J25: =IF(H25="—","—",'Quy tac'!$B$5^(I25/H25)) -> 0.9 | K25: =IF(H25="—","Câu mới",IF(I25>=H25,"Có","Chưa")) -> Có | L25: Sai | M25: =RIGHT(IF(F25="—","",F25)&IF(L25="Đúng","Đ","S"),'Quy tac'!$B$7) -> SS | N25: =(LEN(M25)-LEN(SUBSTITUTE(M25,"S",""))+1)/(LEN(M25)+2) -> 0.75 | O25: =IF(H25="—",IF(L25="Đúng",INDEX('Quy tac'!$B$17:$B$22,2),INDEX('Quy tac'!$B$17:$B$22,1)),IF(L25="Sai",INDEX('Quy tac'!$B$17:$B$22,1),IF(I25>=H25,INDEX('Quy tac'!$B$17:$B$22,MIN(MATCH(H25,'Quy tac'!$B$17:$B$22,0)+1,6)),H25))) -> 1 | P25: =B25+O25 -> 4 | Q25: =IF(H25="—",IF(L25="Đúng","Lần đầu đúng → 3 ngày","Lần đầu sai → 1 ngày"),IF(L25="Sai","Sai → về 1 ngày",IF(I25>=H25,"Đúng, đến hạn → lên 1 bậc","Đúng nhưng ôn sớm → giữ bậc"))) -> Sai → về 1 ngày
A26: 3 | B26: 3 | C26: 5 | D26: Q05 | E26: Yếu | F26: SĐ | G26: =IF(F26="—","—",(LEN(F26)-LEN(SUBSTITUTE(F26,"S",""))+1)/(LEN(F26)+2)) -> 0.5 | H26: 3 | I26: 1 | J26: =IF(H26="—","—",'Quy tac'!$B$5^(I26/H26)) -> 0.96548938 | K26: =IF(H26="—","Câu mới",IF(I26>=H26,"Có","Chưa")) -> Chưa | L26: Sai | M26: =RIGHT(IF(F26="—","",F26)&IF(L26="Đúng","Đ","S"),'Quy tac'!$B$7) -> SĐS | N26: =(LEN(M26)-LEN(SUBSTITUTE(M26,"S",""))+1)/(LEN(M26)+2) -> 0.6 | O26: =IF(H26="—",IF(L26="Đúng",INDEX('Quy tac'!$B$17:$B$22,2),INDEX('Quy tac'!$B$17:$B$22,1)),IF(L26="Sai",INDEX('Quy tac'!$B$17:$B$22,1),IF(I26>=H26,INDEX('Quy tac'!$B$17:$B$22,MIN(MATCH(H26,'Quy tac'!$B$17:$B$22,0)+1,6)),H26))) -> 1 | P26: =B26+O26 -> 4 | Q26: =IF(H26="—",IF(L26="Đúng","Lần đầu đúng → 3 ngày","Lần đầu sai → 1 ngày"),IF(L26="Sai","Sai → về 1 ngày",IF(I26>=H26,"Đúng, đến hạn → lên 1 bậc","Đúng nhưng ôn sớm → giữ bậc"))) -> Sai → về 1 ngày
A27: 3 | B27: 3 | C27: 6 | D27: Q10 | E27: Yếu | F27: SĐ | G27: =IF(F27="—","—",(LEN(F27)-LEN(SUBSTITUTE(F27,"S",""))+1)/(LEN(F27)+2)) -> 0.5 | H27: 3 | I27: 1 | J27: =IF(H27="—","—",'Quy tac'!$B$5^(I27/H27)) -> 0.96548938 | K27: =IF(H27="—","Câu mới",IF(I27>=H27,"Có","Chưa")) -> Chưa | L27: Đúng | M27: =RIGHT(IF(F27="—","",F27)&IF(L27="Đúng","Đ","S"),'Quy tac'!$B$7) -> SĐĐ | N27: =(LEN(M27)-LEN(SUBSTITUTE(M27,"S",""))+1)/(LEN(M27)+2) -> 0.4 | O27: =IF(H27="—",IF(L27="Đúng",INDEX('Quy tac'!$B$17:$B$22,2),INDEX('Quy tac'!$B$17:$B$22,1)),IF(L27="Sai",INDEX('Quy tac'!$B$17:$B$22,1),IF(I27>=H27,INDEX('Quy tac'!$B$17:$B$22,MIN(MATCH(H27,'Quy tac'!$B$17:$B$22,0)+1,6)),H27))) -> 3 | P27: =B27+O27 -> 6 | Q27: =IF(H27="—",IF(L27="Đúng","Lần đầu đúng → 3 ngày","Lần đầu sai → 1 ngày"),IF(L27="Sai","Sai → về 1 ngày",IF(I27>=H27,"Đúng, đến hạn → lên 1 bậc","Đúng nhưng ôn sớm → giữ bậc"))) -> Đúng nhưng ôn sớm → giữ bậc
A28: 3 | B28: 3 | C28: 7 | D28: Q18 | E28: Mới | F28: — | G28: =IF(F28="—","—",(LEN(F28)-LEN(SUBSTITUTE(F28,"S",""))+1)/(LEN(F28)+2)) -> — | H28: — | I28: — | J28: =IF(H28="—","—",'Quy tac'!$B$5^(I28/H28)) -> — | K28: =IF(H28="—","Câu mới",IF(I28>=H28,"Có","Chưa")) -> Câu mới | L28: Đúng | M28: =RIGHT(IF(F28="—","",F28)&IF(L28="Đúng","Đ","S"),'Quy tac'!$B$7) -> Đ | N28: =(LEN(M28)-LEN(SUBSTITUTE(M28,"S",""))+1)/(LEN(M28)+2) -> 0.33333333 | O28: =IF(H28="—",IF(L28="Đúng",INDEX('Quy tac'!$B$17:$B$22,2),INDEX('Quy tac'!$B$17:$B$22,1)),IF(L28="Sai",INDEX('Quy tac'!$B$17:$B$22,1),IF(I28>=H28,INDEX('Quy tac'!$B$17:$B$22,MIN(MATCH(H28,'Quy tac'!$B$17:$B$22,0)+1,6)),H28))) -> 3 | P28: =B28+O28 -> 6 | Q28: =IF(H28="—",IF(L28="Đúng","Lần đầu đúng → 3 ngày","Lần đầu sai → 1 ngày"),IF(L28="Sai","Sai → về 1 ngày",IF(I28>=H28,"Đúng, đến hạn → lên 1 bậc","Đúng nhưng ôn sớm → giữ bậc"))) -> Lần đầu đúng → 3 ngày
A29: 3 | B29: 3 | C29: 8 | D29: Q19 | E29: Mới | F29: — | G29: =IF(F29="—","—",(LEN(F29)-LEN(SUBSTITUTE(F29,"S",""))+1)/(LEN(F29)+2)) -> — | H29: — | I29: — | J29: =IF(H29="—","—",'Quy tac'!$B$5^(I29/H29)) -> — | K29: =IF(H29="—","Câu mới",IF(I29>=H29,"Có","Chưa")) -> Câu mới | L29: Đúng | M29: =RIGHT(IF(F29="—","",F29)&IF(L29="Đúng","Đ","S"),'Quy tac'!$B$7) -> Đ | N29: =(LEN(M29)-LEN(SUBSTITUTE(M29,"S",""))+1)/(LEN(M29)+2) -> 0.33333333 | O29: =IF(H29="—",IF(L29="Đúng",INDEX('Quy tac'!$B$17:$B$22,2),INDEX('Quy tac'!$B$17:$B$22,1)),IF(L29="Sai",INDEX('Quy tac'!$B$17:$B$22,1),IF(I29>=H29,INDEX('Quy tac'!$B$17:$B$22,MIN(MATCH(H29,'Quy tac'!$B$17:$B$22,0)+1,6)),H29))) -> 3 | P29: =B29+O29 -> 6 | Q29: =IF(H29="—",IF(L29="Đúng","Lần đầu đúng → 3 ngày","Lần đầu sai → 1 ngày"),IF(L29="Sai","Sai → về 1 ngày",IF(I29>=H29,"Đúng, đến hạn → lên 1 bậc","Đúng nhưng ôn sớm → giữ bậc"))) -> Lần đầu đúng → 3 ngày
A30: 3 | B30: 3 | C30: 9 | D30: Q20 | E30: Mới | F30: — | G30: =IF(F30="—","—",(LEN(F30)-LEN(SUBSTITUTE(F30,"S",""))+1)/(LEN(F30)+2)) -> — | H30: — | I30: — | J30: =IF(H30="—","—",'Quy tac'!$B$5^(I30/H30)) -> — | K30: =IF(H30="—","Câu mới",IF(I30>=H30,"Có","Chưa")) -> Câu mới | L30: Đúng | M30: =RIGHT(IF(F30="—","",F30)&IF(L30="Đúng","Đ","S"),'Quy tac'!$B$7) -> Đ | N30: =(LEN(M30)-LEN(SUBSTITUTE(M30,"S",""))+1)/(LEN(M30)+2) -> 0.33333333 | O30: =IF(H30="—",IF(L30="Đúng",INDEX('Quy tac'!$B$17:$B$22,2),INDEX('Quy tac'!$B$17:$B$22,1)),IF(L30="Sai",INDEX('Quy tac'!$B$17:$B$22,1),IF(I30>=H30,INDEX('Quy tac'!$B$17:$B$22,MIN(MATCH(H30,'Quy tac'!$B$17:$B$22,0)+1,6)),H30))) -> 3 | P30: =B30+O30 -> 6 | Q30: =IF(H30="—",IF(L30="Đúng","Lần đầu đúng → 3 ngày","Lần đầu sai → 1 ngày"),IF(L30="Sai","Sai → về 1 ngày",IF(I30>=H30,"Đúng, đến hạn → lên 1 bậc","Đúng nhưng ôn sớm → giữ bậc"))) -> Lần đầu đúng → 3 ngày
A31: 3 | B31: 3 | C31: 10 | D31: Q21 | E31: Mới | F31: — | G31: =IF(F31="—","—",(LEN(F31)-LEN(SUBSTITUTE(F31,"S",""))+1)/(LEN(F31)+2)) -> — | H31: — | I31: — | J31: =IF(H31="—","—",'Quy tac'!$B$5^(I31/H31)) -> — | K31: =IF(H31="—","Câu mới",IF(I31>=H31,"Có","Chưa")) -> Câu mới | L31: Sai | M31: =RIGHT(IF(F31="—","",F31)&IF(L31="Đúng","Đ","S"),'Quy tac'!$B$7) -> S | N31: =(LEN(M31)-LEN(SUBSTITUTE(M31,"S",""))+1)/(LEN(M31)+2) -> 0.66666667 | O31: =IF(H31="—",IF(L31="Đúng",INDEX('Quy tac'!$B$17:$B$22,2),INDEX('Quy tac'!$B$17:$B$22,1)),IF(L31="Sai",INDEX('Quy tac'!$B$17:$B$22,1),IF(I31>=H31,INDEX('Quy tac'!$B$17:$B$22,MIN(MATCH(H31,'Quy tac'!$B$17:$B$22,0)+1,6)),H31))) -> 1 | P31: =B31+O31 -> 4 | Q31: =IF(H31="—",IF(L31="Đúng","Lần đầu đúng → 3 ngày","Lần đầu sai → 1 ngày"),IF(L31="Sai","Sai → về 1 ngày",IF(I31>=H31,"Đúng, đến hạn → lên 1 bậc","Đúng nhưng ôn sớm → giữ bậc"))) -> Lần đầu sai → 1 ngày
A32: 4 | B32: 4 | C32: 1 | D32: Q03 | E32: Yếu | F32: SSS | G32: =IF(F32="—","—",(LEN(F32)-LEN(SUBSTITUTE(F32,"S",""))+1)/(LEN(F32)+2)) -> 0.8 | H32: 1 | I32: 1 | J32: =IF(H32="—","—",'Quy tac'!$B$5^(I32/H32)) -> 0.9 | K32: =IF(H32="—","Câu mới",IF(I32>=H32,"Có","Chưa")) -> Có | L32: Đúng | M32: =RIGHT(IF(F32="—","",F32)&IF(L32="Đúng","Đ","S"),'Quy tac'!$B$7) -> SSSĐ | N32: =(LEN(M32)-LEN(SUBSTITUTE(M32,"S",""))+1)/(LEN(M32)+2) -> 0.66666667 | O32: =IF(H32="—",IF(L32="Đúng",INDEX('Quy tac'!$B$17:$B$22,2),INDEX('Quy tac'!$B$17:$B$22,1)),IF(L32="Sai",INDEX('Quy tac'!$B$17:$B$22,1),IF(I32>=H32,INDEX('Quy tac'!$B$17:$B$22,MIN(MATCH(H32,'Quy tac'!$B$17:$B$22,0)+1,6)),H32))) -> 3 | P32: =B32+O32 -> 7 | Q32: =IF(H32="—",IF(L32="Đúng","Lần đầu đúng → 3 ngày","Lần đầu sai → 1 ngày"),IF(L32="Sai","Sai → về 1 ngày",IF(I32>=H32,"Đúng, đến hạn → lên 1 bậc","Đúng nhưng ôn sớm → giữ bậc"))) -> Đúng, đến hạn → lên 1 bậc
A33: 4 | B33: 4 | C33: 2 | D33: Q14 | E33: Yếu | F33: SS | G33: =IF(F33="—","—",(LEN(F33)-LEN(SUBSTITUTE(F33,"S",""))+1)/(LEN(F33)+2)) -> 0.75 | H33: 1 | I33: 1 | J33: =IF(H33="—","—",'Quy tac'!$B$5^(I33/H33)) -> 0.9 | K33: =IF(H33="—","Câu mới",IF(I33>=H33,"Có","Chưa")) -> Có | L33: Đúng | M33: =RIGHT(IF(F33="—","",F33)&IF(L33="Đúng","Đ","S"),'Quy tac'!$B$7) -> SSĐ | N33: =(LEN(M33)-LEN(SUBSTITUTE(M33,"S",""))+1)/(LEN(M33)+2) -> 0.6 | O33: =IF(H33="—",IF(L33="Đúng",INDEX('Quy tac'!$B$17:$B$22,2),INDEX('Quy tac'!$B$17:$B$22,1)),IF(L33="Sai",INDEX('Quy tac'!$B$17:$B$22,1),IF(I33>=H33,INDEX('Quy tac'!$B$17:$B$22,MIN(MATCH(H33,'Quy tac'!$B$17:$B$22,0)+1,6)),H33))) -> 3 | P33: =B33+O33 -> 7 | Q33: =IF(H33="—",IF(L33="Đúng","Lần đầu đúng → 3 ngày","Lần đầu sai → 1 ngày"),IF(L33="Sai","Sai → về 1 ngày",IF(I33>=H33,"Đúng, đến hạn → lên 1 bậc","Đúng nhưng ôn sớm → giữ bậc"))) -> Đúng, đến hạn → lên 1 bậc
A34: 4 | B34: 4 | C34: 3 | D34: Q17 | E34: Yếu | F34: SS | G34: =IF(F34="—","—",(LEN(F34)-LEN(SUBSTITUTE(F34,"S",""))+1)/(LEN(F34)+2)) -> 0.75 | H34: 1 | I34: 1 | J34: =IF(H34="—","—",'Quy tac'!$B$5^(I34/H34)) -> 0.9 | K34: =IF(H34="—","Câu mới",IF(I34>=H34,"Có","Chưa")) -> Có | L34: Đúng | M34: =RIGHT(IF(F34="—","",F34)&IF(L34="Đúng","Đ","S"),'Quy tac'!$B$7) -> SSĐ | N34: =(LEN(M34)-LEN(SUBSTITUTE(M34,"S",""))+1)/(LEN(M34)+2) -> 0.6 | O34: =IF(H34="—",IF(L34="Đúng",INDEX('Quy tac'!$B$17:$B$22,2),INDEX('Quy tac'!$B$17:$B$22,1)),IF(L34="Sai",INDEX('Quy tac'!$B$17:$B$22,1),IF(I34>=H34,INDEX('Quy tac'!$B$17:$B$22,MIN(MATCH(H34,'Quy tac'!$B$17:$B$22,0)+1,6)),H34))) -> 3 | P34: =B34+O34 -> 7 | Q34: =IF(H34="—",IF(L34="Đúng","Lần đầu đúng → 3 ngày","Lần đầu sai → 1 ngày"),IF(L34="Sai","Sai → về 1 ngày",IF(I34>=H34,"Đúng, đến hạn → lên 1 bậc","Đúng nhưng ôn sớm → giữ bậc"))) -> Đúng, đến hạn → lên 1 bậc
A35: 4 | B35: 4 | C35: 4 | D35: Q21 | E35: Yếu | F35: S | G35: =IF(F35="—","—",(LEN(F35)-LEN(SUBSTITUTE(F35,"S",""))+1)/(LEN(F35)+2)) -> 0.66666667 | H35: 1 | I35: 1 | J35: =IF(H35="—","—",'Quy tac'!$B$5^(I35/H35)) -> 0.9 | K35: =IF(H35="—","Câu mới",IF(I35>=H35,"Có","Chưa")) -> Có | L35: Đúng | M35: =RIGHT(IF(F35="—","",F35)&IF(L35="Đúng","Đ","S"),'Quy tac'!$B$7) -> SĐ | N35: =(LEN(M35)-LEN(SUBSTITUTE(M35,"S",""))+1)/(LEN(M35)+2) -> 0.5 | O35: =IF(H35="—",IF(L35="Đúng",INDEX('Quy tac'!$B$17:$B$22,2),INDEX('Quy tac'!$B$17:$B$22,1)),IF(L35="Sai",INDEX('Quy tac'!$B$17:$B$22,1),IF(I35>=H35,INDEX('Quy tac'!$B$17:$B$22,MIN(MATCH(H35,'Quy tac'!$B$17:$B$22,0)+1,6)),H35))) -> 3 | P35: =B35+O35 -> 7 | Q35: =IF(H35="—",IF(L35="Đúng","Lần đầu đúng → 3 ngày","Lần đầu sai → 1 ngày"),IF(L35="Sai","Sai → về 1 ngày",IF(I35>=H35,"Đúng, đến hạn → lên 1 bậc","Đúng nhưng ôn sớm → giữ bậc"))) -> Đúng, đến hạn → lên 1 bậc
A36: 4 | B36: 4 | C36: 5 | D36: Q05 | E36: Sắp quên | F36: SĐS | G36: =IF(F36="—","—",(LEN(F36)-LEN(SUBSTITUTE(F36,"S",""))+1)/(LEN(F36)+2)) -> 0.6 | H36: 1 | I36: 1 | J36: =IF(H36="—","—",'Quy tac'!$B$5^(I36/H36)) -> 0.9 | K36: =IF(H36="—","Câu mới",IF(I36>=H36,"Có","Chưa")) -> Có | L36: Đúng | M36: =RIGHT(IF(F36="—","",F36)&IF(L36="Đúng","Đ","S"),'Quy tac'!$B$7) -> SĐSĐ | N36: =(LEN(M36)-LEN(SUBSTITUTE(M36,"S",""))+1)/(LEN(M36)+2) -> 0.5 | O36: =IF(H36="—",IF(L36="Đúng",INDEX('Quy tac'!$B$17:$B$22,2),INDEX('Quy tac'!$B$17:$B$22,1)),IF(L36="Sai",INDEX('Quy tac'!$B$17:$B$22,1),IF(I36>=H36,INDEX('Quy tac'!$B$17:$B$22,MIN(MATCH(H36,'Quy tac'!$B$17:$B$22,0)+1,6)),H36))) -> 3 | P36: =B36+O36 -> 7 | Q36: =IF(H36="—",IF(L36="Đúng","Lần đầu đúng → 3 ngày","Lần đầu sai → 1 ngày"),IF(L36="Sai","Sai → về 1 ngày",IF(I36>=H36,"Đúng, đến hạn → lên 1 bậc","Đúng nhưng ôn sớm → giữ bậc"))) -> Đúng, đến hạn → lên 1 bậc
A37: 4 | B37: 4 | C37: 6 | D37: Q01 | E37: Sắp quên | F37: Đ | G37: =IF(F37="—","—",(LEN(F37)-LEN(SUBSTITUTE(F37,"S",""))+1)/(LEN(F37)+2)) -> 0.33333333 | H37: 3 | I37: 3 | J37: =IF(H37="—","—",'Quy tac'!$B$5^(I37/H37)) -> 0.9 | K37: =IF(H37="—","Câu mới",IF(I37>=H37,"Có","Chưa")) -> Có | L37: Sai | M37: =RIGHT(IF(F37="—","",F37)&IF(L37="Đúng","Đ","S"),'Quy tac'!$B$7) -> ĐS | N37: =(LEN(M37)-LEN(SUBSTITUTE(M37,"S",""))+1)/(LEN(M37)+2) -> 0.5 | O37: =IF(H37="—",IF(L37="Đúng",INDEX('Quy tac'!$B$17:$B$22,2),INDEX('Quy tac'!$B$17:$B$22,1)),IF(L37="Sai",INDEX('Quy tac'!$B$17:$B$22,1),IF(I37>=H37,INDEX('Quy tac'!$B$17:$B$22,MIN(MATCH(H37,'Quy tac'!$B$17:$B$22,0)+1,6)),H37))) -> 1 | P37: =B37+O37 -> 5 | Q37: =IF(H37="—",IF(L37="Đúng","Lần đầu đúng → 3 ngày","Lần đầu sai → 1 ngày"),IF(L37="Sai","Sai → về 1 ngày",IF(I37>=H37,"Đúng, đến hạn → lên 1 bậc","Đúng nhưng ôn sớm → giữ bậc"))) -> Sai → về 1 ngày
A38: 4 | B38: 4 | C38: 7 | D38: Q02 | E38: Sắp quên | F38: Đ | G38: =IF(F38="—","—",(LEN(F38)-LEN(SUBSTITUTE(F38,"S",""))+1)/(LEN(F38)+2)) -> 0.33333333 | H38: 3 | I38: 3 | J38: =IF(H38="—","—",'Quy tac'!$B$5^(I38/H38)) -> 0.9 | K38: =IF(H38="—","Câu mới",IF(I38>=H38,"Có","Chưa")) -> Có | L38: Đúng | M38: =RIGHT(IF(F38="—","",F38)&IF(L38="Đúng","Đ","S"),'Quy tac'!$B$7) -> ĐĐ | N38: =(LEN(M38)-LEN(SUBSTITUTE(M38,"S",""))+1)/(LEN(M38)+2) -> 0.25 | O38: =IF(H38="—",IF(L38="Đúng",INDEX('Quy tac'!$B$17:$B$22,2),INDEX('Quy tac'!$B$17:$B$22,1)),IF(L38="Sai",INDEX('Quy tac'!$B$17:$B$22,1),IF(I38>=H38,INDEX('Quy tac'!$B$17:$B$22,MIN(MATCH(H38,'Quy tac'!$B$17:$B$22,0)+1,6)),H38))) -> 7 | P38: =B38+O38 -> 11 | Q38: =IF(H38="—",IF(L38="Đúng","Lần đầu đúng → 3 ngày","Lần đầu sai → 1 ngày"),IF(L38="Sai","Sai → về 1 ngày",IF(I38>=H38,"Đúng, đến hạn → lên 1 bậc","Đúng nhưng ôn sớm → giữ bậc"))) -> Đúng, đến hạn → lên 1 bậc
A39: 4 | B39: 4 | C39: 8 | D39: Q22 | E39: Mới | F39: — | G39: =IF(F39="—","—",(LEN(F39)-LEN(SUBSTITUTE(F39,"S",""))+1)/(LEN(F39)+2)) -> — | H39: — | I39: — | J39: =IF(H39="—","—",'Quy tac'!$B$5^(I39/H39)) -> — | K39: =IF(H39="—","Câu mới",IF(I39>=H39,"Có","Chưa")) -> Câu mới | L39: Đúng | M39: =RIGHT(IF(F39="—","",F39)&IF(L39="Đúng","Đ","S"),'Quy tac'!$B$7) -> Đ | N39: =(LEN(M39)-LEN(SUBSTITUTE(M39,"S",""))+1)/(LEN(M39)+2) -> 0.33333333 | O39: =IF(H39="—",IF(L39="Đúng",INDEX('Quy tac'!$B$17:$B$22,2),INDEX('Quy tac'!$B$17:$B$22,1)),IF(L39="Sai",INDEX('Quy tac'!$B$17:$B$22,1),IF(I39>=H39,INDEX('Quy tac'!$B$17:$B$22,MIN(MATCH(H39,'Quy tac'!$B$17:$B$22,0)+1,6)),H39))) -> 3 | P39: =B39+O39 -> 7 | Q39: =IF(H39="—",IF(L39="Đúng","Lần đầu đúng → 3 ngày","Lần đầu sai → 1 ngày"),IF(L39="Sai","Sai → về 1 ngày",IF(I39>=H39,"Đúng, đến hạn → lên 1 bậc","Đúng nhưng ôn sớm → giữ bậc"))) -> Lần đầu đúng → 3 ngày
A40: 4 | B40: 4 | C40: 9 | D40: Q23 | E40: Mới | F40: — | G40: =IF(F40="—","—",(LEN(F40)-LEN(SUBSTITUTE(F40,"S",""))+1)/(LEN(F40)+2)) -> — | H40: — | I40: — | J40: =IF(H40="—","—",'Quy tac'!$B$5^(I40/H40)) -> — | K40: =IF(H40="—","Câu mới",IF(I40>=H40,"Có","Chưa")) -> Câu mới | L40: Sai | M40: =RIGHT(IF(F40="—","",F40)&IF(L40="Đúng","Đ","S"),'Quy tac'!$B$7) -> S | N40: =(LEN(M40)-LEN(SUBSTITUTE(M40,"S",""))+1)/(LEN(M40)+2) -> 0.66666667 | O40: =IF(H40="—",IF(L40="Đúng",INDEX('Quy tac'!$B$17:$B$22,2),INDEX('Quy tac'!$B$17:$B$22,1)),IF(L40="Sai",INDEX('Quy tac'!$B$17:$B$22,1),IF(I40>=H40,INDEX('Quy tac'!$B$17:$B$22,MIN(MATCH(H40,'Quy tac'!$B$17:$B$22,0)+1,6)),H40))) -> 1 | P40: =B40+O40 -> 5 | Q40: =IF(H40="—",IF(L40="Đúng","Lần đầu đúng → 3 ngày","Lần đầu sai → 1 ngày"),IF(L40="Sai","Sai → về 1 ngày",IF(I40>=H40,"Đúng, đến hạn → lên 1 bậc","Đúng nhưng ôn sớm → giữ bậc"))) -> Lần đầu sai → 1 ngày
A41: 4 | B41: 4 | C41: 10 | D41: Q24 | E41: Mới | F41: — | G41: =IF(F41="—","—",(LEN(F41)-LEN(SUBSTITUTE(F41,"S",""))+1)/(LEN(F41)+2)) -> — | H41: — | I41: — | J41: =IF(H41="—","—",'Quy tac'!$B$5^(I41/H41)) -> — | K41: =IF(H41="—","Câu mới",IF(I41>=H41,"Có","Chưa")) -> Câu mới | L41: Sai | M41: =RIGHT(IF(F41="—","",F41)&IF(L41="Đúng","Đ","S"),'Quy tac'!$B$7) -> S | N41: =(LEN(M41)-LEN(SUBSTITUTE(M41,"S",""))+1)/(LEN(M41)+2) -> 0.66666667 | O41: =IF(H41="—",IF(L41="Đúng",INDEX('Quy tac'!$B$17:$B$22,2),INDEX('Quy tac'!$B$17:$B$22,1)),IF(L41="Sai",INDEX('Quy tac'!$B$17:$B$22,1),IF(I41>=H41,INDEX('Quy tac'!$B$17:$B$22,MIN(MATCH(H41,'Quy tac'!$B$17:$B$22,0)+1,6)),H41))) -> 1 | P41: =B41+O41 -> 5 | Q41: =IF(H41="—",IF(L41="Đúng","Lần đầu đúng → 3 ngày","Lần đầu sai → 1 ngày"),IF(L41="Sai","Sai → về 1 ngày",IF(I41>=H41,"Đúng, đến hạn → lên 1 bậc","Đúng nhưng ôn sớm → giữ bậc"))) -> Lần đầu sai → 1 ngày
A42: 5 | B42: 5 | C42: 1 | D42: Q23 | E42: Yếu | F42: S | G42: =IF(F42="—","—",(LEN(F42)-LEN(SUBSTITUTE(F42,"S",""))+1)/(LEN(F42)+2)) -> 0.66666667 | H42: 1 | I42: 1 | J42: =IF(H42="—","—",'Quy tac'!$B$5^(I42/H42)) -> 0.9 | K42: =IF(H42="—","Câu mới",IF(I42>=H42,"Có","Chưa")) -> Có | L42: Đúng | M42: =RIGHT(IF(F42="—","",F42)&IF(L42="Đúng","Đ","S"),'Quy tac'!$B$7) -> SĐ | N42: =(LEN(M42)-LEN(SUBSTITUTE(M42,"S",""))+1)/(LEN(M42)+2) -> 0.5 | O42: =IF(H42="—",IF(L42="Đúng",INDEX('Quy tac'!$B$17:$B$22,2),INDEX('Quy tac'!$B$17:$B$22,1)),IF(L42="Sai",INDEX('Quy tac'!$B$17:$B$22,1),IF(I42>=H42,INDEX('Quy tac'!$B$17:$B$22,MIN(MATCH(H42,'Quy tac'!$B$17:$B$22,0)+1,6)),H42))) -> 3 | P42: =B42+O42 -> 8 | Q42: =IF(H42="—",IF(L42="Đúng","Lần đầu đúng → 3 ngày","Lần đầu sai → 1 ngày"),IF(L42="Sai","Sai → về 1 ngày",IF(I42>=H42,"Đúng, đến hạn → lên 1 bậc","Đúng nhưng ôn sớm → giữ bậc"))) -> Đúng, đến hạn → lên 1 bậc
A43: 5 | B43: 5 | C43: 2 | D43: Q24 | E43: Yếu | F43: S | G43: =IF(F43="—","—",(LEN(F43)-LEN(SUBSTITUTE(F43,"S",""))+1)/(LEN(F43)+2)) -> 0.66666667 | H43: 1 | I43: 1 | J43: =IF(H43="—","—",'Quy tac'!$B$5^(I43/H43)) -> 0.9 | K43: =IF(H43="—","Câu mới",IF(I43>=H43,"Có","Chưa")) -> Có | L43: Đúng | M43: =RIGHT(IF(F43="—","",F43)&IF(L43="Đúng","Đ","S"),'Quy tac'!$B$7) -> SĐ | N43: =(LEN(M43)-LEN(SUBSTITUTE(M43,"S",""))+1)/(LEN(M43)+2) -> 0.5 | O43: =IF(H43="—",IF(L43="Đúng",INDEX('Quy tac'!$B$17:$B$22,2),INDEX('Quy tac'!$B$17:$B$22,1)),IF(L43="Sai",INDEX('Quy tac'!$B$17:$B$22,1),IF(I43>=H43,INDEX('Quy tac'!$B$17:$B$22,MIN(MATCH(H43,'Quy tac'!$B$17:$B$22,0)+1,6)),H43))) -> 3 | P43: =B43+O43 -> 8 | Q43: =IF(H43="—",IF(L43="Đúng","Lần đầu đúng → 3 ngày","Lần đầu sai → 1 ngày"),IF(L43="Sai","Sai → về 1 ngày",IF(I43>=H43,"Đúng, đến hạn → lên 1 bậc","Đúng nhưng ôn sớm → giữ bậc"))) -> Đúng, đến hạn → lên 1 bậc
A44: 5 | B44: 5 | C44: 3 | D44: Q03 | E44: Yếu | F44: SSSĐ | G44: =IF(F44="—","—",(LEN(F44)-LEN(SUBSTITUTE(F44,"S",""))+1)/(LEN(F44)+2)) -> 0.66666667 | H44: 3 | I44: 1 | J44: =IF(H44="—","—",'Quy tac'!$B$5^(I44/H44)) -> 0.96548938 | K44: =IF(H44="—","Câu mới",IF(I44>=H44,"Có","Chưa")) -> Chưa | L44: Đúng | M44: =RIGHT(IF(F44="—","",F44)&IF(L44="Đúng","Đ","S"),'Quy tac'!$B$7) -> SSSĐĐ | N44: =(LEN(M44)-LEN(SUBSTITUTE(M44,"S",""))+1)/(LEN(M44)+2) -> 0.57142857 | O44: =IF(H44="—",IF(L44="Đúng",INDEX('Quy tac'!$B$17:$B$22,2),INDEX('Quy tac'!$B$17:$B$22,1)),IF(L44="Sai",INDEX('Quy tac'!$B$17:$B$22,1),IF(I44>=H44,INDEX('Quy tac'!$B$17:$B$22,MIN(MATCH(H44,'Quy tac'!$B$17:$B$22,0)+1,6)),H44))) -> 3 | P44: =B44+O44 -> 8 | Q44: =IF(H44="—",IF(L44="Đúng","Lần đầu đúng → 3 ngày","Lần đầu sai → 1 ngày"),IF(L44="Sai","Sai → về 1 ngày",IF(I44>=H44,"Đúng, đến hạn → lên 1 bậc","Đúng nhưng ôn sớm → giữ bậc"))) -> Đúng nhưng ôn sớm → giữ bậc
A45: 5 | B45: 5 | C45: 4 | D45: Q14 | E45: Yếu | F45: SSĐ | G45: =IF(F45="—","—",(LEN(F45)-LEN(SUBSTITUTE(F45,"S",""))+1)/(LEN(F45)+2)) -> 0.6 | H45: 3 | I45: 1 | J45: =IF(H45="—","—",'Quy tac'!$B$5^(I45/H45)) -> 0.96548938 | K45: =IF(H45="—","Câu mới",IF(I45>=H45,"Có","Chưa")) -> Chưa | L45: Đúng | M45: =RIGHT(IF(F45="—","",F45)&IF(L45="Đúng","Đ","S"),'Quy tac'!$B$7) -> SSĐĐ | N45: =(LEN(M45)-LEN(SUBSTITUTE(M45,"S",""))+1)/(LEN(M45)+2) -> 0.5 | O45: =IF(H45="—",IF(L45="Đúng",INDEX('Quy tac'!$B$17:$B$22,2),INDEX('Quy tac'!$B$17:$B$22,1)),IF(L45="Sai",INDEX('Quy tac'!$B$17:$B$22,1),IF(I45>=H45,INDEX('Quy tac'!$B$17:$B$22,MIN(MATCH(H45,'Quy tac'!$B$17:$B$22,0)+1,6)),H45))) -> 3 | P45: =B45+O45 -> 8 | Q45: =IF(H45="—",IF(L45="Đúng","Lần đầu đúng → 3 ngày","Lần đầu sai → 1 ngày"),IF(L45="Sai","Sai → về 1 ngày",IF(I45>=H45,"Đúng, đến hạn → lên 1 bậc","Đúng nhưng ôn sớm → giữ bậc"))) -> Đúng nhưng ôn sớm → giữ bậc
A46: 5 | B46: 5 | C46: 5 | D46: Q04 | E46: Sắp quên | F46: Đ | G46: =IF(F46="—","—",(LEN(F46)-LEN(SUBSTITUTE(F46,"S",""))+1)/(LEN(F46)+2)) -> 0.33333333 | H46: 3 | I46: 4 | J46: =IF(H46="—","—",'Quy tac'!$B$5^(I46/H46)) -> 0.86894045 | K46: =IF(H46="—","Câu mới",IF(I46>=H46,"Có","Chưa")) -> Có | L46: Sai | M46: =RIGHT(IF(F46="—","",F46)&IF(L46="Đúng","Đ","S"),'Quy tac'!$B$7) -> ĐS | N46: =(LEN(M46)-LEN(SUBSTITUTE(M46,"S",""))+1)/(LEN(M46)+2) -> 0.5 | O46: =IF(H46="—",IF(L46="Đúng",INDEX('Quy tac'!$B$17:$B$22,2),INDEX('Quy tac'!$B$17:$B$22,1)),IF(L46="Sai",INDEX('Quy tac'!$B$17:$B$22,1),IF(I46>=H46,INDEX('Quy tac'!$B$17:$B$22,MIN(MATCH(H46,'Quy tac'!$B$17:$B$22,0)+1,6)),H46))) -> 1 | P46: =B46+O46 -> 6 | Q46: =IF(H46="—",IF(L46="Đúng","Lần đầu đúng → 3 ngày","Lần đầu sai → 1 ngày"),IF(L46="Sai","Sai → về 1 ngày",IF(I46>=H46,"Đúng, đến hạn → lên 1 bậc","Đúng nhưng ôn sớm → giữ bậc"))) -> Sai → về 1 ngày
A47: 5 | B47: 5 | C47: 6 | D47: Q06 | E47: Sắp quên | F47: Đ | G47: =IF(F47="—","—",(LEN(F47)-LEN(SUBSTITUTE(F47,"S",""))+1)/(LEN(F47)+2)) -> 0.33333333 | H47: 3 | I47: 4 | J47: =IF(H47="—","—",'Quy tac'!$B$5^(I47/H47)) -> 0.86894045 | K47: =IF(H47="—","Câu mới",IF(I47>=H47,"Có","Chưa")) -> Có | L47: Sai | M47: =RIGHT(IF(F47="—","",F47)&IF(L47="Đúng","Đ","S"),'Quy tac'!$B$7) -> ĐS | N47: =(LEN(M47)-LEN(SUBSTITUTE(M47,"S",""))+1)/(LEN(M47)+2) -> 0.5 | O47: =IF(H47="—",IF(L47="Đúng",INDEX('Quy tac'!$B$17:$B$22,2),INDEX('Quy tac'!$B$17:$B$22,1)),IF(L47="Sai",INDEX('Quy tac'!$B$17:$B$22,1),IF(I47>=H47,INDEX('Quy tac'!$B$17:$B$22,MIN(MATCH(H47,'Quy tac'!$B$17:$B$22,0)+1,6)),H47))) -> 1 | P47: =B47+O47 -> 6 | Q47: =IF(H47="—",IF(L47="Đúng","Lần đầu đúng → 3 ngày","Lần đầu sai → 1 ngày"),IF(L47="Sai","Sai → về 1 ngày",IF(I47>=H47,"Đúng, đến hạn → lên 1 bậc","Đúng nhưng ôn sớm → giữ bậc"))) -> Sai → về 1 ngày
A48: 5 | B48: 5 | C48: 7 | D48: Q07 | E48: Sắp quên | F48: Đ | G48: =IF(F48="—","—",(LEN(F48)-LEN(SUBSTITUTE(F48,"S",""))+1)/(LEN(F48)+2)) -> 0.33333333 | H48: 3 | I48: 4 | J48: =IF(H48="—","—",'Quy tac'!$B$5^(I48/H48)) -> 0.86894045 | K48: =IF(H48="—","Câu mới",IF(I48>=H48,"Có","Chưa")) -> Có | L48: Sai | M48: =RIGHT(IF(F48="—","",F48)&IF(L48="Đúng","Đ","S"),'Quy tac'!$B$7) -> ĐS | N48: =(LEN(M48)-LEN(SUBSTITUTE(M48,"S",""))+1)/(LEN(M48)+2) -> 0.5 | O48: =IF(H48="—",IF(L48="Đúng",INDEX('Quy tac'!$B$17:$B$22,2),INDEX('Quy tac'!$B$17:$B$22,1)),IF(L48="Sai",INDEX('Quy tac'!$B$17:$B$22,1),IF(I48>=H48,INDEX('Quy tac'!$B$17:$B$22,MIN(MATCH(H48,'Quy tac'!$B$17:$B$22,0)+1,6)),H48))) -> 1 | P48: =B48+O48 -> 6 | Q48: =IF(H48="—",IF(L48="Đúng","Lần đầu đúng → 3 ngày","Lần đầu sai → 1 ngày"),IF(L48="Sai","Sai → về 1 ngày",IF(I48>=H48,"Đúng, đến hạn → lên 1 bậc","Đúng nhưng ôn sớm → giữ bậc"))) -> Sai → về 1 ngày
A49: 5 | B49: 5 | C49: 8 | D49: Q25 | E49: Mới | F49: — | G49: =IF(F49="—","—",(LEN(F49)-LEN(SUBSTITUTE(F49,"S",""))+1)/(LEN(F49)+2)) -> — | H49: — | I49: — | J49: =IF(H49="—","—",'Quy tac'!$B$5^(I49/H49)) -> — | K49: =IF(H49="—","Câu mới",IF(I49>=H49,"Có","Chưa")) -> Câu mới | L49: Đúng | M49: =RIGHT(IF(F49="—","",F49)&IF(L49="Đúng","Đ","S"),'Quy tac'!$B$7) -> Đ | N49: =(LEN(M49)-LEN(SUBSTITUTE(M49,"S",""))+1)/(LEN(M49)+2) -> 0.33333333 | O49: =IF(H49="—",IF(L49="Đúng",INDEX('Quy tac'!$B$17:$B$22,2),INDEX('Quy tac'!$B$17:$B$22,1)),IF(L49="Sai",INDEX('Quy tac'!$B$17:$B$22,1),IF(I49>=H49,INDEX('Quy tac'!$B$17:$B$22,MIN(MATCH(H49,'Quy tac'!$B$17:$B$22,0)+1,6)),H49))) -> 3 | P49: =B49+O49 -> 8 | Q49: =IF(H49="—",IF(L49="Đúng","Lần đầu đúng → 3 ngày","Lần đầu sai → 1 ngày"),IF(L49="Sai","Sai → về 1 ngày",IF(I49>=H49,"Đúng, đến hạn → lên 1 bậc","Đúng nhưng ôn sớm → giữ bậc"))) -> Lần đầu đúng → 3 ngày
A50: 5 | B50: 5 | C50: 9 | D50: Q26 | E50: Mới | F50: — | G50: =IF(F50="—","—",(LEN(F50)-LEN(SUBSTITUTE(F50,"S",""))+1)/(LEN(F50)+2)) -> — | H50: — | I50: — | J50: =IF(H50="—","—",'Quy tac'!$B$5^(I50/H50)) -> — | K50: =IF(H50="—","Câu mới",IF(I50>=H50,"Có","Chưa")) -> Câu mới | L50: Đúng | M50: =RIGHT(IF(F50="—","",F50)&IF(L50="Đúng","Đ","S"),'Quy tac'!$B$7) -> Đ | N50: =(LEN(M50)-LEN(SUBSTITUTE(M50,"S",""))+1)/(LEN(M50)+2) -> 0.33333333 | O50: =IF(H50="—",IF(L50="Đúng",INDEX('Quy tac'!$B$17:$B$22,2),INDEX('Quy tac'!$B$17:$B$22,1)),IF(L50="Sai",INDEX('Quy tac'!$B$17:$B$22,1),IF(I50>=H50,INDEX('Quy tac'!$B$17:$B$22,MIN(MATCH(H50,'Quy tac'!$B$17:$B$22,0)+1,6)),H50))) -> 3 | P50: =B50+O50 -> 8 | Q50: =IF(H50="—",IF(L50="Đúng","Lần đầu đúng → 3 ngày","Lần đầu sai → 1 ngày"),IF(L50="Sai","Sai → về 1 ngày",IF(I50>=H50,"Đúng, đến hạn → lên 1 bậc","Đúng nhưng ôn sớm → giữ bậc"))) -> Lần đầu đúng → 3 ngày
A51: 5 | B51: 5 | C51: 10 | D51: Q27 | E51: Mới | F51: — | G51: =IF(F51="—","—",(LEN(F51)-LEN(SUBSTITUTE(F51,"S",""))+1)/(LEN(F51)+2)) -> — | H51: — | I51: — | J51: =IF(H51="—","—",'Quy tac'!$B$5^(I51/H51)) -> — | K51: =IF(H51="—","Câu mới",IF(I51>=H51,"Có","Chưa")) -> Câu mới | L51: Sai | M51: =RIGHT(IF(F51="—","",F51)&IF(L51="Đúng","Đ","S"),'Quy tac'!$B$7) -> S | N51: =(LEN(M51)-LEN(SUBSTITUTE(M51,"S",""))+1)/(LEN(M51)+2) -> 0.66666667 | O51: =IF(H51="—",IF(L51="Đúng",INDEX('Quy tac'!$B$17:$B$22,2),INDEX('Quy tac'!$B$17:$B$22,1)),IF(L51="Sai",INDEX('Quy tac'!$B$17:$B$22,1),IF(I51>=H51,INDEX('Quy tac'!$B$17:$B$22,MIN(MATCH(H51,'Quy tac'!$B$17:$B$22,0)+1,6)),H51))) -> 1 | P51: =B51+O51 -> 6 | Q51: =IF(H51="—",IF(L51="Đúng","Lần đầu đúng → 3 ngày","Lần đầu sai → 1 ngày"),IF(L51="Sai","Sai → về 1 ngày",IF(I51>=H51,"Đúng, đến hạn → lên 1 bậc","Đúng nhưng ôn sớm → giữ bậc"))) -> Lần đầu sai → 1 ngày
A52: 6 | B52: 5.5 | C52: 1 | D52: Q17 | E52: Yếu | F52: SSĐ | G52: =IF(F52="—","—",(LEN(F52)-LEN(SUBSTITUTE(F52,"S",""))+1)/(LEN(F52)+2)) -> 0.6 | H52: 3 | I52: 1.5 | J52: =IF(H52="—","—",'Quy tac'!$B$5^(I52/H52)) -> 0.9486833 | K52: =IF(H52="—","Câu mới",IF(I52>=H52,"Có","Chưa")) -> Chưa | L52: Đúng | M52: =RIGHT(IF(F52="—","",F52)&IF(L52="Đúng","Đ","S"),'Quy tac'!$B$7) -> SSĐĐ | N52: =(LEN(M52)-LEN(SUBSTITUTE(M52,"S",""))+1)/(LEN(M52)+2) -> 0.5 | O52: =IF(H52="—",IF(L52="Đúng",INDEX('Quy tac'!$B$17:$B$22,2),INDEX('Quy tac'!$B$17:$B$22,1)),IF(L52="Sai",INDEX('Quy tac'!$B$17:$B$22,1),IF(I52>=H52,INDEX('Quy tac'!$B$17:$B$22,MIN(MATCH(H52,'Quy tac'!$B$17:$B$22,0)+1,6)),H52))) -> 3 | P52: =B52+O52 -> 8.5 | Q52: =IF(H52="—",IF(L52="Đúng","Lần đầu đúng → 3 ngày","Lần đầu sai → 1 ngày"),IF(L52="Sai","Sai → về 1 ngày",IF(I52>=H52,"Đúng, đến hạn → lên 1 bậc","Đúng nhưng ôn sớm → giữ bậc"))) -> Đúng nhưng ôn sớm → giữ bậc
A53: 6 | B53: 5.5 | C53: 2 | D53: Q01 | E53: Yếu | F53: ĐS | G53: =IF(F53="—","—",(LEN(F53)-LEN(SUBSTITUTE(F53,"S",""))+1)/(LEN(F53)+2)) -> 0.5 | H53: 1 | I53: 1.5 | J53: =IF(H53="—","—",'Quy tac'!$B$5^(I53/H53)) -> 0.85381497 | K53: =IF(H53="—","Câu mới",IF(I53>=H53,"Có","Chưa")) -> Có | L53: Sai | M53: =RIGHT(IF(F53="—","",F53)&IF(L53="Đúng","Đ","S"),'Quy tac'!$B$7) -> ĐSS | N53: =(LEN(M53)-LEN(SUBSTITUTE(M53,"S",""))+1)/(LEN(M53)+2) -> 0.6 | O53: =IF(H53="—",IF(L53="Đúng",INDEX('Quy tac'!$B$17:$B$22,2),INDEX('Quy tac'!$B$17:$B$22,1)),IF(L53="Sai",INDEX('Quy tac'!$B$17:$B$22,1),IF(I53>=H53,INDEX('Quy tac'!$B$17:$B$22,MIN(MATCH(H53,'Quy tac'!$B$17:$B$22,0)+1,6)),H53))) -> 1 | P53: =B53+O53 -> 6.5 | Q53: =IF(H53="—",IF(L53="Đúng","Lần đầu đúng → 3 ngày","Lần đầu sai → 1 ngày"),IF(L53="Sai","Sai → về 1 ngày",IF(I53>=H53,"Đúng, đến hạn → lên 1 bậc","Đúng nhưng ôn sớm → giữ bậc"))) -> Sai → về 1 ngày
A54: 6 | B54: 5.5 | C54: 3 | D54: Q15 | E54: Yếu | F54: SĐ | G54: =IF(F54="—","—",(LEN(F54)-LEN(SUBSTITUTE(F54,"S",""))+1)/(LEN(F54)+2)) -> 0.5 | H54: 3 | I54: 2.5 | J54: =IF(H54="—","—",'Quy tac'!$B$5^(I54/H54)) -> 0.91594365 | K54: =IF(H54="—","Câu mới",IF(I54>=H54,"Có","Chưa")) -> Chưa | L54: Sai | M54: =RIGHT(IF(F54="—","",F54)&IF(L54="Đúng","Đ","S"),'Quy tac'!$B$7) -> SĐS | N54: =(LEN(M54)-LEN(SUBSTITUTE(M54,"S",""))+1)/(LEN(M54)+2) -> 0.6 | O54: =IF(H54="—",IF(L54="Đúng",INDEX('Quy tac'!$B$17:$B$22,2),INDEX('Quy tac'!$B$17:$B$22,1)),IF(L54="Sai",INDEX('Quy tac'!$B$17:$B$22,1),IF(I54>=H54,INDEX('Quy tac'!$B$17:$B$22,MIN(MATCH(H54,'Quy tac'!$B$17:$B$22,0)+1,6)),H54))) -> 1 | P54: =B54+O54 -> 6.5 | Q54: =IF(H54="—",IF(L54="Đúng","Lần đầu đúng → 3 ngày","Lần đầu sai → 1 ngày"),IF(L54="Sai","Sai → về 1 ngày",IF(I54>=H54,"Đúng, đến hạn → lên 1 bậc","Đúng nhưng ôn sớm → giữ bậc"))) -> Sai → về 1 ngày
A55: 6 | B55: 5.5 | C55: 4 | D55: Q05 | E55: Yếu | F55: SĐSĐ | G55: =IF(F55="—","—",(LEN(F55)-LEN(SUBSTITUTE(F55,"S",""))+1)/(LEN(F55)+2)) -> 0.5 | H55: 3 | I55: 1.5 | J55: =IF(H55="—","—",'Quy tac'!$B$5^(I55/H55)) -> 0.9486833 | K55: =IF(H55="—","Câu mới",IF(I55>=H55,"Có","Chưa")) -> Chưa | L55: Đúng | M55: =RIGHT(IF(F55="—","",F55)&IF(L55="Đúng","Đ","S"),'Quy tac'!$B$7) -> SĐSĐĐ | N55: =(LEN(M55)-LEN(SUBSTITUTE(M55,"S",""))+1)/(LEN(M55)+2) -> 0.42857143 | O55: =IF(H55="—",IF(L55="Đúng",INDEX('Quy tac'!$B$17:$B$22,2),INDEX('Quy tac'!$B$17:$B$22,1)),IF(L55="Sai",INDEX('Quy tac'!$B$17:$B$22,1),IF(I55>=H55,INDEX('Quy tac'!$B$17:$B$22,MIN(MATCH(H55,'Quy tac'!$B$17:$B$22,0)+1,6)),H55))) -> 3 | P55: =B55+O55 -> 8.5 | Q55: =IF(H55="—",IF(L55="Đúng","Lần đầu đúng → 3 ngày","Lần đầu sai → 1 ngày"),IF(L55="Sai","Sai → về 1 ngày",IF(I55>=H55,"Đúng, đến hạn → lên 1 bậc","Đúng nhưng ôn sớm → giữ bậc"))) -> Đúng nhưng ôn sớm → giữ bậc
A56: 6 | B56: 5.5 | C56: 5 | D56: Q08 | E56: Sắp quên | F56: Đ | G56: =IF(F56="—","—",(LEN(F56)-LEN(SUBSTITUTE(F56,"S",""))+1)/(LEN(F56)+2)) -> 0.33333333 | H56: 3 | I56: 4.5 | J56: =IF(H56="—","—",'Quy tac'!$B$5^(I56/H56)) -> 0.85381497 | K56: =IF(H56="—","Câu mới",IF(I56>=H56,"Có","Chưa")) -> Có | L56: Đúng | M56: =RIGHT(IF(F56="—","",F56)&IF(L56="Đúng","Đ","S"),'Quy tac'!$B$7) -> ĐĐ | N56: =(LEN(M56)-LEN(SUBSTITUTE(M56,"S",""))+1)/(LEN(M56)+2) -> 0.25 | O56: =IF(H56="—",IF(L56="Đúng",INDEX('Quy tac'!$B$17:$B$22,2),INDEX('Quy tac'!$B$17:$B$22,1)),IF(L56="Sai",INDEX('Quy tac'!$B$17:$B$22,1),IF(I56>=H56,INDEX('Quy tac'!$B$17:$B$22,MIN(MATCH(H56,'Quy tac'!$B$17:$B$22,0)+1,6)),H56))) -> 7 | P56: =B56+O56 -> 12.5 | Q56: =IF(H56="—",IF(L56="Đúng","Lần đầu đúng → 3 ngày","Lần đầu sai → 1 ngày"),IF(L56="Sai","Sai → về 1 ngày",IF(I56>=H56,"Đúng, đến hạn → lên 1 bậc","Đúng nhưng ôn sớm → giữ bậc"))) -> Đúng, đến hạn → lên 1 bậc
A57: 6 | B57: 5.5 | C57: 6 | D57: Q09 | E57: Sắp quên | F57: Đ | G57: =IF(F57="—","—",(LEN(F57)-LEN(SUBSTITUTE(F57,"S",""))+1)/(LEN(F57)+2)) -> 0.33333333 | H57: 3 | I57: 4.5 | J57: =IF(H57="—","—",'Quy tac'!$B$5^(I57/H57)) -> 0.85381497 | K57: =IF(H57="—","Câu mới",IF(I57>=H57,"Có","Chưa")) -> Có | L57: Sai | M57: =RIGHT(IF(F57="—","",F57)&IF(L57="Đúng","Đ","S"),'Quy tac'!$B$7) -> ĐS | N57: =(LEN(M57)-LEN(SUBSTITUTE(M57,"S",""))+1)/(LEN(M57)+2) -> 0.5 | O57: =IF(H57="—",IF(L57="Đúng",INDEX('Quy tac'!$B$17:$B$22,2),INDEX('Quy tac'!$B$17:$B$22,1)),IF(L57="Sai",INDEX('Quy tac'!$B$17:$B$22,1),IF(I57>=H57,INDEX('Quy tac'!$B$17:$B$22,MIN(MATCH(H57,'Quy tac'!$B$17:$B$22,0)+1,6)),H57))) -> 1 | P57: =B57+O57 -> 6.5 | Q57: =IF(H57="—",IF(L57="Đúng","Lần đầu đúng → 3 ngày","Lần đầu sai → 1 ngày"),IF(L57="Sai","Sai → về 1 ngày",IF(I57>=H57,"Đúng, đến hạn → lên 1 bậc","Đúng nhưng ôn sớm → giữ bậc"))) -> Sai → về 1 ngày
A58: 6 | B58: 5.5 | C58: 7 | D58: Q11 | E58: Sắp quên | F58: Đ | G58: =IF(F58="—","—",(LEN(F58)-LEN(SUBSTITUTE(F58,"S",""))+1)/(LEN(F58)+2)) -> 0.33333333 | H58: 3 | I58: 3.5 | J58: =IF(H58="—","—",'Quy tac'!$B$5^(I58/H58)) -> 0.88433387 | K58: =IF(H58="—","Câu mới",IF(I58>=H58,"Có","Chưa")) -> Có | L58: Sai | M58: =RIGHT(IF(F58="—","",F58)&IF(L58="Đúng","Đ","S"),'Quy tac'!$B$7) -> ĐS | N58: =(LEN(M58)-LEN(SUBSTITUTE(M58,"S",""))+1)/(LEN(M58)+2) -> 0.5 | O58: =IF(H58="—",IF(L58="Đúng",INDEX('Quy tac'!$B$17:$B$22,2),INDEX('Quy tac'!$B$17:$B$22,1)),IF(L58="Sai",INDEX('Quy tac'!$B$17:$B$22,1),IF(I58>=H58,INDEX('Quy tac'!$B$17:$B$22,MIN(MATCH(H58,'Quy tac'!$B$17:$B$22,0)+1,6)),H58))) -> 1 | P58: =B58+O58 -> 6.5 | Q58: =IF(H58="—",IF(L58="Đúng","Lần đầu đúng → 3 ngày","Lần đầu sai → 1 ngày"),IF(L58="Sai","Sai → về 1 ngày",IF(I58>=H58,"Đúng, đến hạn → lên 1 bậc","Đúng nhưng ôn sớm → giữ bậc"))) -> Sai → về 1 ngày
A59: 6 | B59: 5.5 | C59: 8 | D59: Q28 | E59: Mới | F59: — | G59: =IF(F59="—","—",(LEN(F59)-LEN(SUBSTITUTE(F59,"S",""))+1)/(LEN(F59)+2)) -> — | H59: — | I59: — | J59: =IF(H59="—","—",'Quy tac'!$B$5^(I59/H59)) -> — | K59: =IF(H59="—","Câu mới",IF(I59>=H59,"Có","Chưa")) -> Câu mới | L59: Đúng | M59: =RIGHT(IF(F59="—","",F59)&IF(L59="Đúng","Đ","S"),'Quy tac'!$B$7) -> Đ | N59: =(LEN(M59)-LEN(SUBSTITUTE(M59,"S",""))+1)/(LEN(M59)+2) -> 0.33333333 | O59: =IF(H59="—",IF(L59="Đúng",INDEX('Quy tac'!$B$17:$B$22,2),INDEX('Quy tac'!$B$17:$B$22,1)),IF(L59="Sai",INDEX('Quy tac'!$B$17:$B$22,1),IF(I59>=H59,INDEX('Quy tac'!$B$17:$B$22,MIN(MATCH(H59,'Quy tac'!$B$17:$B$22,0)+1,6)),H59))) -> 3 | P59: =B59+O59 -> 8.5 | Q59: =IF(H59="—",IF(L59="Đúng","Lần đầu đúng → 3 ngày","Lần đầu sai → 1 ngày"),IF(L59="Sai","Sai → về 1 ngày",IF(I59>=H59,"Đúng, đến hạn → lên 1 bậc","Đúng nhưng ôn sớm → giữ bậc"))) -> Lần đầu đúng → 3 ngày
A60: 6 | B60: 5.5 | C60: 9 | D60: Q29 | E60: Mới | F60: — | G60: =IF(F60="—","—",(LEN(F60)-LEN(SUBSTITUTE(F60,"S",""))+1)/(LEN(F60)+2)) -> — | H60: — | I60: — | J60: =IF(H60="—","—",'Quy tac'!$B$5^(I60/H60)) -> — | K60: =IF(H60="—","Câu mới",IF(I60>=H60,"Có","Chưa")) -> Câu mới | L60: Đúng | M60: =RIGHT(IF(F60="—","",F60)&IF(L60="Đúng","Đ","S"),'Quy tac'!$B$7) -> Đ | N60: =(LEN(M60)-LEN(SUBSTITUTE(M60,"S",""))+1)/(LEN(M60)+2) -> 0.33333333 | O60: =IF(H60="—",IF(L60="Đúng",INDEX('Quy tac'!$B$17:$B$22,2),INDEX('Quy tac'!$B$17:$B$22,1)),IF(L60="Sai",INDEX('Quy tac'!$B$17:$B$22,1),IF(I60>=H60,INDEX('Quy tac'!$B$17:$B$22,MIN(MATCH(H60,'Quy tac'!$B$17:$B$22,0)+1,6)),H60))) -> 3 | P60: =B60+O60 -> 8.5 | Q60: =IF(H60="—",IF(L60="Đúng","Lần đầu đúng → 3 ngày","Lần đầu sai → 1 ngày"),IF(L60="Sai","Sai → về 1 ngày",IF(I60>=H60,"Đúng, đến hạn → lên 1 bậc","Đúng nhưng ôn sớm → giữ bậc"))) -> Lần đầu đúng → 3 ngày
A61: 6 | B61: 5.5 | C61: 10 | D61: Q30 | E61: Mới | F61: — | G61: =IF(F61="—","—",(LEN(F61)-LEN(SUBSTITUTE(F61,"S",""))+1)/(LEN(F61)+2)) -> — | H61: — | I61: — | J61: =IF(H61="—","—",'Quy tac'!$B$5^(I61/H61)) -> — | K61: =IF(H61="—","Câu mới",IF(I61>=H61,"Có","Chưa")) -> Câu mới | L61: Đúng | M61: =RIGHT(IF(F61="—","",F61)&IF(L61="Đúng","Đ","S"),'Quy tac'!$B$7) -> Đ | N61: =(LEN(M61)-LEN(SUBSTITUTE(M61,"S",""))+1)/(LEN(M61)+2) -> 0.33333333 | O61: =IF(H61="—",IF(L61="Đúng",INDEX('Quy tac'!$B$17:$B$22,2),INDEX('Quy tac'!$B$17:$B$22,1)),IF(L61="Sai",INDEX('Quy tac'!$B$17:$B$22,1),IF(I61>=H61,INDEX('Quy tac'!$B$17:$B$22,MIN(MATCH(H61,'Quy tac'!$B$17:$B$22,0)+1,6)),H61))) -> 3 | P61: =B61+O61 -> 8.5 | Q61: =IF(H61="—",IF(L61="Đúng","Lần đầu đúng → 3 ngày","Lần đầu sai → 1 ngày"),IF(L61="Sai","Sai → về 1 ngày",IF(I61>=H61,"Đúng, đến hạn → lên 1 bậc","Đúng nhưng ôn sớm → giữ bậc"))) -> Lần đầu đúng → 3 ngày
A62: 7 | B62: 8 | C62: 1 | D62: Q27 | E62: Yếu | F62: S | G62: =IF(F62="—","—",(LEN(F62)-LEN(SUBSTITUTE(F62,"S",""))+1)/(LEN(F62)+2)) -> 0.66666667 | H62: 1 | I62: 3 | J62: =IF(H62="—","—",'Quy tac'!$B$5^(I62/H62)) -> 0.729 | K62: =IF(H62="—","Câu mới",IF(I62>=H62,"Có","Chưa")) -> Có | L62: Đúng | M62: =RIGHT(IF(F62="—","",F62)&IF(L62="Đúng","Đ","S"),'Quy tac'!$B$7) -> SĐ | N62: =(LEN(M62)-LEN(SUBSTITUTE(M62,"S",""))+1)/(LEN(M62)+2) -> 0.5 | O62: =IF(H62="—",IF(L62="Đúng",INDEX('Quy tac'!$B$17:$B$22,2),INDEX('Quy tac'!$B$17:$B$22,1)),IF(L62="Sai",INDEX('Quy tac'!$B$17:$B$22,1),IF(I62>=H62,INDEX('Quy tac'!$B$17:$B$22,MIN(MATCH(H62,'Quy tac'!$B$17:$B$22,0)+1,6)),H62))) -> 3 | P62: =B62+O62 -> 11 | Q62: =IF(H62="—",IF(L62="Đúng","Lần đầu đúng → 3 ngày","Lần đầu sai → 1 ngày"),IF(L62="Sai","Sai → về 1 ngày",IF(I62>=H62,"Đúng, đến hạn → lên 1 bậc","Đúng nhưng ôn sớm → giữ bậc"))) -> Đúng, đến hạn → lên 1 bậc
A63: 7 | B63: 8 | C63: 2 | D63: Q01 | E63: Yếu | F63: ĐSS | G63: =IF(F63="—","—",(LEN(F63)-LEN(SUBSTITUTE(F63,"S",""))+1)/(LEN(F63)+2)) -> 0.6 | H63: 1 | I63: 2.5 | J63: =IF(H63="—","—",'Quy tac'!$B$5^(I63/H63)) -> 0.76843347 | K63: =IF(H63="—","Câu mới",IF(I63>=H63,"Có","Chưa")) -> Có | L63: Đúng | M63: =RIGHT(IF(F63="—","",F63)&IF(L63="Đúng","Đ","S"),'Quy tac'!$B$7) -> ĐSSĐ | N63: =(LEN(M63)-LEN(SUBSTITUTE(M63,"S",""))+1)/(LEN(M63)+2) -> 0.5 | O63: =IF(H63="—",IF(L63="Đúng",INDEX('Quy tac'!$B$17:$B$22,2),INDEX('Quy tac'!$B$17:$B$22,1)),IF(L63="Sai",INDEX('Quy tac'!$B$17:$B$22,1),IF(I63>=H63,INDEX('Quy tac'!$B$17:$B$22,MIN(MATCH(H63,'Quy tac'!$B$17:$B$22,0)+1,6)),H63))) -> 3 | P63: =B63+O63 -> 11 | Q63: =IF(H63="—",IF(L63="Đúng","Lần đầu đúng → 3 ngày","Lần đầu sai → 1 ngày"),IF(L63="Sai","Sai → về 1 ngày",IF(I63>=H63,"Đúng, đến hạn → lên 1 bậc","Đúng nhưng ôn sớm → giữ bậc"))) -> Đúng, đến hạn → lên 1 bậc
A64: 7 | B64: 8 | C64: 3 | D64: Q15 | E64: Yếu | F64: SĐS | G64: =IF(F64="—","—",(LEN(F64)-LEN(SUBSTITUTE(F64,"S",""))+1)/(LEN(F64)+2)) -> 0.6 | H64: 1 | I64: 2.5 | J64: =IF(H64="—","—",'Quy tac'!$B$5^(I64/H64)) -> 0.76843347 | K64: =IF(H64="—","Câu mới",IF(I64>=H64,"Có","Chưa")) -> Có | L64: Đúng | M64: =RIGHT(IF(F64="—","",F64)&IF(L64="Đúng","Đ","S"),'Quy tac'!$B$7) -> SĐSĐ | N64: =(LEN(M64)-LEN(SUBSTITUTE(M64,"S",""))+1)/(LEN(M64)+2) -> 0.5 | O64: =IF(H64="—",IF(L64="Đúng",INDEX('Quy tac'!$B$17:$B$22,2),INDEX('Quy tac'!$B$17:$B$22,1)),IF(L64="Sai",INDEX('Quy tac'!$B$17:$B$22,1),IF(I64>=H64,INDEX('Quy tac'!$B$17:$B$22,MIN(MATCH(H64,'Quy tac'!$B$17:$B$22,0)+1,6)),H64))) -> 3 | P64: =B64+O64 -> 11 | Q64: =IF(H64="—",IF(L64="Đúng","Lần đầu đúng → 3 ngày","Lần đầu sai → 1 ngày"),IF(L64="Sai","Sai → về 1 ngày",IF(I64>=H64,"Đúng, đến hạn → lên 1 bậc","Đúng nhưng ôn sớm → giữ bậc"))) -> Đúng, đến hạn → lên 1 bậc
A65: 7 | B65: 8 | C65: 4 | D65: Q03 | E65: Yếu | F65: SSSĐĐ | G65: =IF(F65="—","—",(LEN(F65)-LEN(SUBSTITUTE(F65,"S",""))+1)/(LEN(F65)+2)) -> 0.57142857 | H65: 3 | I65: 3 | J65: =IF(H65="—","—",'Quy tac'!$B$5^(I65/H65)) -> 0.9 | K65: =IF(H65="—","Câu mới",IF(I65>=H65,"Có","Chưa")) -> Có | L65: Đúng | M65: =RIGHT(IF(F65="—","",F65)&IF(L65="Đúng","Đ","S"),'Quy tac'!$B$7) -> SSĐĐĐ | N65: =(LEN(M65)-LEN(SUBSTITUTE(M65,"S",""))+1)/(LEN(M65)+2) -> 0.42857143 | O65: =IF(H65="—",IF(L65="Đúng",INDEX('Quy tac'!$B$17:$B$22,2),INDEX('Quy tac'!$B$17:$B$22,1)),IF(L65="Sai",INDEX('Quy tac'!$B$17:$B$22,1),IF(I65>=H65,INDEX('Quy tac'!$B$17:$B$22,MIN(MATCH(H65,'Quy tac'!$B$17:$B$22,0)+1,6)),H65))) -> 7 | P65: =B65+O65 -> 15 | Q65: =IF(H65="—",IF(L65="Đúng","Lần đầu đúng → 3 ngày","Lần đầu sai → 1 ngày"),IF(L65="Sai","Sai → về 1 ngày",IF(I65>=H65,"Đúng, đến hạn → lên 1 bậc","Đúng nhưng ôn sớm → giữ bậc"))) -> Đúng, đến hạn → lên 1 bậc
A66: 7 | B66: 8 | C66: 5 | D66: Q04 | E66: Sắp quên | F66: ĐS | G66: =IF(F66="—","—",(LEN(F66)-LEN(SUBSTITUTE(F66,"S",""))+1)/(LEN(F66)+2)) -> 0.5 | H66: 1 | I66: 3 | J66: =IF(H66="—","—",'Quy tac'!$B$5^(I66/H66)) -> 0.729 | K66: =IF(H66="—","Câu mới",IF(I66>=H66,"Có","Chưa")) -> Có | L66: Đúng | M66: =RIGHT(IF(F66="—","",F66)&IF(L66="Đúng","Đ","S"),'Quy tac'!$B$7) -> ĐSĐ | N66: =(LEN(M66)-LEN(SUBSTITUTE(M66,"S",""))+1)/(LEN(M66)+2) -> 0.4 | O66: =IF(H66="—",IF(L66="Đúng",INDEX('Quy tac'!$B$17:$B$22,2),INDEX('Quy tac'!$B$17:$B$22,1)),IF(L66="Sai",INDEX('Quy tac'!$B$17:$B$22,1),IF(I66>=H66,INDEX('Quy tac'!$B$17:$B$22,MIN(MATCH(H66,'Quy tac'!$B$17:$B$22,0)+1,6)),H66))) -> 3 | P66: =B66+O66 -> 11 | Q66: =IF(H66="—",IF(L66="Đúng","Lần đầu đúng → 3 ngày","Lần đầu sai → 1 ngày"),IF(L66="Sai","Sai → về 1 ngày",IF(I66>=H66,"Đúng, đến hạn → lên 1 bậc","Đúng nhưng ôn sớm → giữ bậc"))) -> Đúng, đến hạn → lên 1 bậc
A67: 7 | B67: 8 | C67: 6 | D67: Q06 | E67: Sắp quên | F67: ĐS | G67: =IF(F67="—","—",(LEN(F67)-LEN(SUBSTITUTE(F67,"S",""))+1)/(LEN(F67)+2)) -> 0.5 | H67: 1 | I67: 3 | J67: =IF(H67="—","—",'Quy tac'!$B$5^(I67/H67)) -> 0.729 | K67: =IF(H67="—","Câu mới",IF(I67>=H67,"Có","Chưa")) -> Có | L67: Đúng | M67: =RIGHT(IF(F67="—","",F67)&IF(L67="Đúng","Đ","S"),'Quy tac'!$B$7) -> ĐSĐ | N67: =(LEN(M67)-LEN(SUBSTITUTE(M67,"S",""))+1)/(LEN(M67)+2) -> 0.4 | O67: =IF(H67="—",IF(L67="Đúng",INDEX('Quy tac'!$B$17:$B$22,2),INDEX('Quy tac'!$B$17:$B$22,1)),IF(L67="Sai",INDEX('Quy tac'!$B$17:$B$22,1),IF(I67>=H67,INDEX('Quy tac'!$B$17:$B$22,MIN(MATCH(H67,'Quy tac'!$B$17:$B$22,0)+1,6)),H67))) -> 3 | P67: =B67+O67 -> 11 | Q67: =IF(H67="—",IF(L67="Đúng","Lần đầu đúng → 3 ngày","Lần đầu sai → 1 ngày"),IF(L67="Sai","Sai → về 1 ngày",IF(I67>=H67,"Đúng, đến hạn → lên 1 bậc","Đúng nhưng ôn sớm → giữ bậc"))) -> Đúng, đến hạn → lên 1 bậc
A68: 7 | B68: 8 | C68: 7 | D68: Q07 | E68: Sắp quên | F68: ĐS | G68: =IF(F68="—","—",(LEN(F68)-LEN(SUBSTITUTE(F68,"S",""))+1)/(LEN(F68)+2)) -> 0.5 | H68: 1 | I68: 3 | J68: =IF(H68="—","—",'Quy tac'!$B$5^(I68/H68)) -> 0.729 | K68: =IF(H68="—","Câu mới",IF(I68>=H68,"Có","Chưa")) -> Có | L68: Đúng | M68: =RIGHT(IF(F68="—","",F68)&IF(L68="Đúng","Đ","S"),'Quy tac'!$B$7) -> ĐSĐ | N68: =(LEN(M68)-LEN(SUBSTITUTE(M68,"S",""))+1)/(LEN(M68)+2) -> 0.4 | O68: =IF(H68="—",IF(L68="Đúng",INDEX('Quy tac'!$B$17:$B$22,2),INDEX('Quy tac'!$B$17:$B$22,1)),IF(L68="Sai",INDEX('Quy tac'!$B$17:$B$22,1),IF(I68>=H68,INDEX('Quy tac'!$B$17:$B$22,MIN(MATCH(H68,'Quy tac'!$B$17:$B$22,0)+1,6)),H68))) -> 3 | P68: =B68+O68 -> 11 | Q68: =IF(H68="—",IF(L68="Đúng","Lần đầu đúng → 3 ngày","Lần đầu sai → 1 ngày"),IF(L68="Sai","Sai → về 1 ngày",IF(I68>=H68,"Đúng, đến hạn → lên 1 bậc","Đúng nhưng ôn sớm → giữ bậc"))) -> Đúng, đến hạn → lên 1 bậc
A69: 7 | B69: 8 | C69: 8 | D69: Q31 | E69: Mới | F69: — | G69: =IF(F69="—","—",(LEN(F69)-LEN(SUBSTITUTE(F69,"S",""))+1)/(LEN(F69)+2)) -> — | H69: — | I69: — | J69: =IF(H69="—","—",'Quy tac'!$B$5^(I69/H69)) -> — | K69: =IF(H69="—","Câu mới",IF(I69>=H69,"Có","Chưa")) -> Câu mới | L69: Đúng | M69: =RIGHT(IF(F69="—","",F69)&IF(L69="Đúng","Đ","S"),'Quy tac'!$B$7) -> Đ | N69: =(LEN(M69)-LEN(SUBSTITUTE(M69,"S",""))+1)/(LEN(M69)+2) -> 0.33333333 | O69: =IF(H69="—",IF(L69="Đúng",INDEX('Quy tac'!$B$17:$B$22,2),INDEX('Quy tac'!$B$17:$B$22,1)),IF(L69="Sai",INDEX('Quy tac'!$B$17:$B$22,1),IF(I69>=H69,INDEX('Quy tac'!$B$17:$B$22,MIN(MATCH(H69,'Quy tac'!$B$17:$B$22,0)+1,6)),H69))) -> 3 | P69: =B69+O69 -> 11 | Q69: =IF(H69="—",IF(L69="Đúng","Lần đầu đúng → 3 ngày","Lần đầu sai → 1 ngày"),IF(L69="Sai","Sai → về 1 ngày",IF(I69>=H69,"Đúng, đến hạn → lên 1 bậc","Đúng nhưng ôn sớm → giữ bậc"))) -> Lần đầu đúng → 3 ngày
A70: 7 | B70: 8 | C70: 9 | D70: Q32 | E70: Mới | F70: — | G70: =IF(F70="—","—",(LEN(F70)-LEN(SUBSTITUTE(F70,"S",""))+1)/(LEN(F70)+2)) -> — | H70: — | I70: — | J70: =IF(H70="—","—",'Quy tac'!$B$5^(I70/H70)) -> — | K70: =IF(H70="—","Câu mới",IF(I70>=H70,"Có","Chưa")) -> Câu mới | L70: Đúng | M70: =RIGHT(IF(F70="—","",F70)&IF(L70="Đúng","Đ","S"),'Quy tac'!$B$7) -> Đ | N70: =(LEN(M70)-LEN(SUBSTITUTE(M70,"S",""))+1)/(LEN(M70)+2) -> 0.33333333 | O70: =IF(H70="—",IF(L70="Đúng",INDEX('Quy tac'!$B$17:$B$22,2),INDEX('Quy tac'!$B$17:$B$22,1)),IF(L70="Sai",INDEX('Quy tac'!$B$17:$B$22,1),IF(I70>=H70,INDEX('Quy tac'!$B$17:$B$22,MIN(MATCH(H70,'Quy tac'!$B$17:$B$22,0)+1,6)),H70))) -> 3 | P70: =B70+O70 -> 11 | Q70: =IF(H70="—",IF(L70="Đúng","Lần đầu đúng → 3 ngày","Lần đầu sai → 1 ngày"),IF(L70="Sai","Sai → về 1 ngày",IF(I70>=H70,"Đúng, đến hạn → lên 1 bậc","Đúng nhưng ôn sớm → giữ bậc"))) -> Lần đầu đúng → 3 ngày
A71: 7 | B71: 8 | C71: 10 | D71: Q33 | E71: Mới | F71: — | G71: =IF(F71="—","—",(LEN(F71)-LEN(SUBSTITUTE(F71,"S",""))+1)/(LEN(F71)+2)) -> — | H71: — | I71: — | J71: =IF(H71="—","—",'Quy tac'!$B$5^(I71/H71)) -> — | K71: =IF(H71="—","Câu mới",IF(I71>=H71,"Có","Chưa")) -> Câu mới | L71: Sai | M71: =RIGHT(IF(F71="—","",F71)&IF(L71="Đúng","Đ","S"),'Quy tac'!$B$7) -> S | N71: =(LEN(M71)-LEN(SUBSTITUTE(M71,"S",""))+1)/(LEN(M71)+2) -> 0.66666667 | O71: =IF(H71="—",IF(L71="Đúng",INDEX('Quy tac'!$B$17:$B$22,2),INDEX('Quy tac'!$B$17:$B$22,1)),IF(L71="Sai",INDEX('Quy tac'!$B$17:$B$22,1),IF(I71>=H71,INDEX('Quy tac'!$B$17:$B$22,MIN(MATCH(H71,'Quy tac'!$B$17:$B$22,0)+1,6)),H71))) -> 1 | P71: =B71+O71 -> 9 | Q71: =IF(H71="—",IF(L71="Đúng","Lần đầu đúng → 3 ngày","Lần đầu sai → 1 ngày"),IF(L71="Sai","Sai → về 1 ngày",IF(I71>=H71,"Đúng, đến hạn → lên 1 bậc","Đúng nhưng ôn sớm → giữ bậc"))) -> Lần đầu sai → 1 ngày
A72: 8 | B72: 10 | C72: 1 | D72: Q33 | E72: Yếu | F72: S | G72: =IF(F72="—","—",(LEN(F72)-LEN(SUBSTITUTE(F72,"S",""))+1)/(LEN(F72)+2)) -> 0.66666667 | H72: 1 | I72: 2 | J72: =IF(H72="—","—",'Quy tac'!$B$5^(I72/H72)) -> 0.81 | K72: =IF(H72="—","Câu mới",IF(I72>=H72,"Có","Chưa")) -> Có | L72: Đúng | M72: =RIGHT(IF(F72="—","",F72)&IF(L72="Đúng","Đ","S"),'Quy tac'!$B$7) -> SĐ | N72: =(LEN(M72)-LEN(SUBSTITUTE(M72,"S",""))+1)/(LEN(M72)+2) -> 0.5 | O72: =IF(H72="—",IF(L72="Đúng",INDEX('Quy tac'!$B$17:$B$22,2),INDEX('Quy tac'!$B$17:$B$22,1)),IF(L72="Sai",INDEX('Quy tac'!$B$17:$B$22,1),IF(I72>=H72,INDEX('Quy tac'!$B$17:$B$22,MIN(MATCH(H72,'Quy tac'!$B$17:$B$22,0)+1,6)),H72))) -> 3 | P72: =B72+O72 -> 13 | Q72: =IF(H72="—",IF(L72="Đúng","Lần đầu đúng → 3 ngày","Lần đầu sai → 1 ngày"),IF(L72="Sai","Sai → về 1 ngày",IF(I72>=H72,"Đúng, đến hạn → lên 1 bậc","Đúng nhưng ôn sớm → giữ bậc"))) -> Đúng, đến hạn → lên 1 bậc
A73: 8 | B73: 10 | C73: 2 | D73: Q09 | E73: Yếu | F73: ĐS | G73: =IF(F73="—","—",(LEN(F73)-LEN(SUBSTITUTE(F73,"S",""))+1)/(LEN(F73)+2)) -> 0.5 | H73: 1 | I73: 4.5 | J73: =IF(H73="—","—",'Quy tac'!$B$5^(I73/H73)) -> 0.62243111 | K73: =IF(H73="—","Câu mới",IF(I73>=H73,"Có","Chưa")) -> Có | L73: Sai | M73: =RIGHT(IF(F73="—","",F73)&IF(L73="Đúng","Đ","S"),'Quy tac'!$B$7) -> ĐSS | N73: =(LEN(M73)-LEN(SUBSTITUTE(M73,"S",""))+1)/(LEN(M73)+2) -> 0.6 | O73: =IF(H73="—",IF(L73="Đúng",INDEX('Quy tac'!$B$17:$B$22,2),INDEX('Quy tac'!$B$17:$B$22,1)),IF(L73="Sai",INDEX('Quy tac'!$B$17:$B$22,1),IF(I73>=H73,INDEX('Quy tac'!$B$17:$B$22,MIN(MATCH(H73,'Quy tac'!$B$17:$B$22,0)+1,6)),H73))) -> 1 | P73: =B73+O73 -> 11 | Q73: =IF(H73="—",IF(L73="Đúng","Lần đầu đúng → 3 ngày","Lần đầu sai → 1 ngày"),IF(L73="Sai","Sai → về 1 ngày",IF(I73>=H73,"Đúng, đến hạn → lên 1 bậc","Đúng nhưng ôn sớm → giữ bậc"))) -> Sai → về 1 ngày
A74: 8 | B74: 10 | C74: 3 | D74: Q11 | E74: Yếu | F74: ĐS | G74: =IF(F74="—","—",(LEN(F74)-LEN(SUBSTITUTE(F74,"S",""))+1)/(LEN(F74)+2)) -> 0.5 | H74: 1 | I74: 4.5 | J74: =IF(H74="—","—",'Quy tac'!$B$5^(I74/H74)) -> 0.62243111 | K74: =IF(H74="—","Câu mới",IF(I74>=H74,"Có","Chưa")) -> Có | L74: Đúng | M74: =RIGHT(IF(F74="—","",F74)&IF(L74="Đúng","Đ","S"),'Quy tac'!$B$7) -> ĐSĐ | N74: =(LEN(M74)-LEN(SUBSTITUTE(M74,"S",""))+1)/(LEN(M74)+2) -> 0.4 | O74: =IF(H74="—",IF(L74="Đúng",INDEX('Quy tac'!$B$17:$B$22,2),INDEX('Quy tac'!$B$17:$B$22,1)),IF(L74="Sai",INDEX('Quy tac'!$B$17:$B$22,1),IF(I74>=H74,INDEX('Quy tac'!$B$17:$B$22,MIN(MATCH(H74,'Quy tac'!$B$17:$B$22,0)+1,6)),H74))) -> 3 | P74: =B74+O74 -> 13 | Q74: =IF(H74="—",IF(L74="Đúng","Lần đầu đúng → 3 ngày","Lần đầu sai → 1 ngày"),IF(L74="Sai","Sai → về 1 ngày",IF(I74>=H74,"Đúng, đến hạn → lên 1 bậc","Đúng nhưng ôn sớm → giữ bậc"))) -> Đúng, đến hạn → lên 1 bậc
A75: 8 | B75: 10 | C75: 4 | D75: Q21 | E75: Yếu | F75: SĐ | G75: =IF(F75="—","—",(LEN(F75)-LEN(SUBSTITUTE(F75,"S",""))+1)/(LEN(F75)+2)) -> 0.5 | H75: 3 | I75: 6 | J75: =IF(H75="—","—",'Quy tac'!$B$5^(I75/H75)) -> 0.81 | K75: =IF(H75="—","Câu mới",IF(I75>=H75,"Có","Chưa")) -> Có | L75: Đúng | M75: =RIGHT(IF(F75="—","",F75)&IF(L75="Đúng","Đ","S"),'Quy tac'!$B$7) -> SĐĐ | N75: =(LEN(M75)-LEN(SUBSTITUTE(M75,"S",""))+1)/(LEN(M75)+2) -> 0.4 | O75: =IF(H75="—",IF(L75="Đúng",INDEX('Quy tac'!$B$17:$B$22,2),INDEX('Quy tac'!$B$17:$B$22,1)),IF(L75="Sai",INDEX('Quy tac'!$B$17:$B$22,1),IF(I75>=H75,INDEX('Quy tac'!$B$17:$B$22,MIN(MATCH(H75,'Quy tac'!$B$17:$B$22,0)+1,6)),H75))) -> 7 | P75: =B75+O75 -> 17 | Q75: =IF(H75="—",IF(L75="Đúng","Lần đầu đúng → 3 ngày","Lần đầu sai → 1 ngày"),IF(L75="Sai","Sai → về 1 ngày",IF(I75>=H75,"Đúng, đến hạn → lên 1 bậc","Đúng nhưng ôn sớm → giữ bậc"))) -> Đúng, đến hạn → lên 1 bậc
A76: 8 | B76: 10 | C76: 5 | D76: Q12 | E76: Sắp quên | F76: Đ | G76: =IF(F76="—","—",(LEN(F76)-LEN(SUBSTITUTE(F76,"S",""))+1)/(LEN(F76)+2)) -> 0.33333333 | H76: 3 | I76: 8 | J76: =IF(H76="—","—",'Quy tac'!$B$5^(I76/H76)) -> 0.7550575 | K76: =IF(H76="—","Câu mới",IF(I76>=H76,"Có","Chưa")) -> Có | L76: Sai | M76: =RIGHT(IF(F76="—","",F76)&IF(L76="Đúng","Đ","S"),'Quy tac'!$B$7) -> ĐS | N76: =(LEN(M76)-LEN(SUBSTITUTE(M76,"S",""))+1)/(LEN(M76)+2) -> 0.5 | O76: =IF(H76="—",IF(L76="Đúng",INDEX('Quy tac'!$B$17:$B$22,2),INDEX('Quy tac'!$B$17:$B$22,1)),IF(L76="Sai",INDEX('Quy tac'!$B$17:$B$22,1),IF(I76>=H76,INDEX('Quy tac'!$B$17:$B$22,MIN(MATCH(H76,'Quy tac'!$B$17:$B$22,0)+1,6)),H76))) -> 1 | P76: =B76+O76 -> 11 | Q76: =IF(H76="—",IF(L76="Đúng","Lần đầu đúng → 3 ngày","Lần đầu sai → 1 ngày"),IF(L76="Sai","Sai → về 1 ngày",IF(I76>=H76,"Đúng, đến hạn → lên 1 bậc","Đúng nhưng ôn sớm → giữ bậc"))) -> Sai → về 1 ngày
A77: 8 | B77: 10 | C77: 6 | D77: Q13 | E77: Sắp quên | F77: Đ | G77: =IF(F77="—","—",(LEN(F77)-LEN(SUBSTITUTE(F77,"S",""))+1)/(LEN(F77)+2)) -> 0.33333333 | H77: 3 | I77: 8 | J77: =IF(H77="—","—",'Quy tac'!$B$5^(I77/H77)) -> 0.7550575 | K77: =IF(H77="—","Câu mới",IF(I77>=H77,"Có","Chưa")) -> Có | L77: Sai | M77: =RIGHT(IF(F77="—","",F77)&IF(L77="Đúng","Đ","S"),'Quy tac'!$B$7) -> ĐS | N77: =(LEN(M77)-LEN(SUBSTITUTE(M77,"S",""))+1)/(LEN(M77)+2) -> 0.5 | O77: =IF(H77="—",IF(L77="Đúng",INDEX('Quy tac'!$B$17:$B$22,2),INDEX('Quy tac'!$B$17:$B$22,1)),IF(L77="Sai",INDEX('Quy tac'!$B$17:$B$22,1),IF(I77>=H77,INDEX('Quy tac'!$B$17:$B$22,MIN(MATCH(H77,'Quy tac'!$B$17:$B$22,0)+1,6)),H77))) -> 1 | P77: =B77+O77 -> 11 | Q77: =IF(H77="—",IF(L77="Đúng","Lần đầu đúng → 3 ngày","Lần đầu sai → 1 ngày"),IF(L77="Sai","Sai → về 1 ngày",IF(I77>=H77,"Đúng, đến hạn → lên 1 bậc","Đúng nhưng ôn sớm → giữ bậc"))) -> Sai → về 1 ngày
A78: 8 | B78: 10 | C78: 7 | D78: Q16 | E78: Sắp quên | F78: Đ | G78: =IF(F78="—","—",(LEN(F78)-LEN(SUBSTITUTE(F78,"S",""))+1)/(LEN(F78)+2)) -> 0.33333333 | H78: 3 | I78: 8 | J78: =IF(H78="—","—",'Quy tac'!$B$5^(I78/H78)) -> 0.7550575 | K78: =IF(H78="—","Câu mới",IF(I78>=H78,"Có","Chưa")) -> Có | L78: Sai | M78: =RIGHT(IF(F78="—","",F78)&IF(L78="Đúng","Đ","S"),'Quy tac'!$B$7) -> ĐS | N78: =(LEN(M78)-LEN(SUBSTITUTE(M78,"S",""))+1)/(LEN(M78)+2) -> 0.5 | O78: =IF(H78="—",IF(L78="Đúng",INDEX('Quy tac'!$B$17:$B$22,2),INDEX('Quy tac'!$B$17:$B$22,1)),IF(L78="Sai",INDEX('Quy tac'!$B$17:$B$22,1),IF(I78>=H78,INDEX('Quy tac'!$B$17:$B$22,MIN(MATCH(H78,'Quy tac'!$B$17:$B$22,0)+1,6)),H78))) -> 1 | P78: =B78+O78 -> 11 | Q78: =IF(H78="—",IF(L78="Đúng","Lần đầu đúng → 3 ngày","Lần đầu sai → 1 ngày"),IF(L78="Sai","Sai → về 1 ngày",IF(I78>=H78,"Đúng, đến hạn → lên 1 bậc","Đúng nhưng ôn sớm → giữ bậc"))) -> Sai → về 1 ngày
A79: 8 | B79: 10 | C79: 8 | D79: Q34 | E79: Mới | F79: — | G79: =IF(F79="—","—",(LEN(F79)-LEN(SUBSTITUTE(F79,"S",""))+1)/(LEN(F79)+2)) -> — | H79: — | I79: — | J79: =IF(H79="—","—",'Quy tac'!$B$5^(I79/H79)) -> — | K79: =IF(H79="—","Câu mới",IF(I79>=H79,"Có","Chưa")) -> Câu mới | L79: Sai | M79: =RIGHT(IF(F79="—","",F79)&IF(L79="Đúng","Đ","S"),'Quy tac'!$B$7) -> S | N79: =(LEN(M79)-LEN(SUBSTITUTE(M79,"S",""))+1)/(LEN(M79)+2) -> 0.66666667 | O79: =IF(H79="—",IF(L79="Đúng",INDEX('Quy tac'!$B$17:$B$22,2),INDEX('Quy tac'!$B$17:$B$22,1)),IF(L79="Sai",INDEX('Quy tac'!$B$17:$B$22,1),IF(I79>=H79,INDEX('Quy tac'!$B$17:$B$22,MIN(MATCH(H79,'Quy tac'!$B$17:$B$22,0)+1,6)),H79))) -> 1 | P79: =B79+O79 -> 11 | Q79: =IF(H79="—",IF(L79="Đúng","Lần đầu đúng → 3 ngày","Lần đầu sai → 1 ngày"),IF(L79="Sai","Sai → về 1 ngày",IF(I79>=H79,"Đúng, đến hạn → lên 1 bậc","Đúng nhưng ôn sớm → giữ bậc"))) -> Lần đầu sai → 1 ngày
A80: 8 | B80: 10 | C80: 9 | D80: Q35 | E80: Mới | F80: — | G80: =IF(F80="—","—",(LEN(F80)-LEN(SUBSTITUTE(F80,"S",""))+1)/(LEN(F80)+2)) -> — | H80: — | I80: — | J80: =IF(H80="—","—",'Quy tac'!$B$5^(I80/H80)) -> — | K80: =IF(H80="—","Câu mới",IF(I80>=H80,"Có","Chưa")) -> Câu mới | L80: Đúng | M80: =RIGHT(IF(F80="—","",F80)&IF(L80="Đúng","Đ","S"),'Quy tac'!$B$7) -> Đ | N80: =(LEN(M80)-LEN(SUBSTITUTE(M80,"S",""))+1)/(LEN(M80)+2) -> 0.33333333 | O80: =IF(H80="—",IF(L80="Đúng",INDEX('Quy tac'!$B$17:$B$22,2),INDEX('Quy tac'!$B$17:$B$22,1)),IF(L80="Sai",INDEX('Quy tac'!$B$17:$B$22,1),IF(I80>=H80,INDEX('Quy tac'!$B$17:$B$22,MIN(MATCH(H80,'Quy tac'!$B$17:$B$22,0)+1,6)),H80))) -> 3 | P80: =B80+O80 -> 13 | Q80: =IF(H80="—",IF(L80="Đúng","Lần đầu đúng → 3 ngày","Lần đầu sai → 1 ngày"),IF(L80="Sai","Sai → về 1 ngày",IF(I80>=H80,"Đúng, đến hạn → lên 1 bậc","Đúng nhưng ôn sớm → giữ bậc"))) -> Lần đầu đúng → 3 ngày
A81: 8 | B81: 10 | C81: 10 | D81: Q36 | E81: Mới | F81: — | G81: =IF(F81="—","—",(LEN(F81)-LEN(SUBSTITUTE(F81,"S",""))+1)/(LEN(F81)+2)) -> — | H81: — | I81: — | J81: =IF(H81="—","—",'Quy tac'!$B$5^(I81/H81)) -> — | K81: =IF(H81="—","Câu mới",IF(I81>=H81,"Có","Chưa")) -> Câu mới | L81: Đúng | M81: =RIGHT(IF(F81="—","",F81)&IF(L81="Đúng","Đ","S"),'Quy tac'!$B$7) -> Đ | N81: =(LEN(M81)-LEN(SUBSTITUTE(M81,"S",""))+1)/(LEN(M81)+2) -> 0.33333333 | O81: =IF(H81="—",IF(L81="Đúng",INDEX('Quy tac'!$B$17:$B$22,2),INDEX('Quy tac'!$B$17:$B$22,1)),IF(L81="Sai",INDEX('Quy tac'!$B$17:$B$22,1),IF(I81>=H81,INDEX('Quy tac'!$B$17:$B$22,MIN(MATCH(H81,'Quy tac'!$B$17:$B$22,0)+1,6)),H81))) -> 3 | P81: =B81+O81 -> 13 | Q81: =IF(H81="—",IF(L81="Đúng","Lần đầu đúng → 3 ngày","Lần đầu sai → 1 ngày"),IF(L81="Sai","Sai → về 1 ngày",IF(I81>=H81,"Đúng, đến hạn → lên 1 bậc","Đúng nhưng ôn sớm → giữ bậc"))) -> Lần đầu đúng → 3 ngày
A82: 9 | B82: 13 | C82: 1 | D82: Q34 | E82: Yếu | F82: S | G82: =IF(F82="—","—",(LEN(F82)-LEN(SUBSTITUTE(F82,"S",""))+1)/(LEN(F82)+2)) -> 0.66666667 | H82: 1 | I82: 3 | J82: =IF(H82="—","—",'Quy tac'!$B$5^(I82/H82)) -> 0.729 | K82: =IF(H82="—","Câu mới",IF(I82>=H82,"Có","Chưa")) -> Có | L82: Sai | M82: =RIGHT(IF(F82="—","",F82)&IF(L82="Đúng","Đ","S"),'Quy tac'!$B$7) -> SS | N82: =(LEN(M82)-LEN(SUBSTITUTE(M82,"S",""))+1)/(LEN(M82)+2) -> 0.75 | O82: =IF(H82="—",IF(L82="Đúng",INDEX('Quy tac'!$B$17:$B$22,2),INDEX('Quy tac'!$B$17:$B$22,1)),IF(L82="Sai",INDEX('Quy tac'!$B$17:$B$22,1),IF(I82>=H82,INDEX('Quy tac'!$B$17:$B$22,MIN(MATCH(H82,'Quy tac'!$B$17:$B$22,0)+1,6)),H82))) -> 1 | P82: =B82+O82 -> 14 | Q82: =IF(H82="—",IF(L82="Đúng","Lần đầu đúng → 3 ngày","Lần đầu sai → 1 ngày"),IF(L82="Sai","Sai → về 1 ngày",IF(I82>=H82,"Đúng, đến hạn → lên 1 bậc","Đúng nhưng ôn sớm → giữ bậc"))) -> Sai → về 1 ngày
A83: 9 | B83: 13 | C83: 2 | D83: Q09 | E83: Yếu | F83: ĐSS | G83: =IF(F83="—","—",(LEN(F83)-LEN(SUBSTITUTE(F83,"S",""))+1)/(LEN(F83)+2)) -> 0.6 | H83: 1 | I83: 3 | J83: =IF(H83="—","—",'Quy tac'!$B$5^(I83/H83)) -> 0.729 | K83: =IF(H83="—","Câu mới",IF(I83>=H83,"Có","Chưa")) -> Có | L83: Sai | M83: =RIGHT(IF(F83="—","",F83)&IF(L83="Đúng","Đ","S"),'Quy tac'!$B$7) -> ĐSSS | N83: =(LEN(M83)-LEN(SUBSTITUTE(M83,"S",""))+1)/(LEN(M83)+2) -> 0.66666667 | O83: =IF(H83="—",IF(L83="Đúng",INDEX('Quy tac'!$B$17:$B$22,2),INDEX('Quy tac'!$B$17:$B$22,1)),IF(L83="Sai",INDEX('Quy tac'!$B$17:$B$22,1),IF(I83>=H83,INDEX('Quy tac'!$B$17:$B$22,MIN(MATCH(H83,'Quy tac'!$B$17:$B$22,0)+1,6)),H83))) -> 1 | P83: =B83+O83 -> 14 | Q83: =IF(H83="—",IF(L83="Đúng","Lần đầu đúng → 3 ngày","Lần đầu sai → 1 ngày"),IF(L83="Sai","Sai → về 1 ngày",IF(I83>=H83,"Đúng, đến hạn → lên 1 bậc","Đúng nhưng ôn sớm → giữ bậc"))) -> Sai → về 1 ngày
A84: 9 | B84: 13 | C84: 3 | D84: Q12 | E84: Yếu | F84: ĐS | G84: =IF(F84="—","—",(LEN(F84)-LEN(SUBSTITUTE(F84,"S",""))+1)/(LEN(F84)+2)) -> 0.5 | H84: 1 | I84: 3 | J84: =IF(H84="—","—",'Quy tac'!$B$5^(I84/H84)) -> 0.729 | K84: =IF(H84="—","Câu mới",IF(I84>=H84,"Có","Chưa")) -> Có | L84: Sai | M84: =RIGHT(IF(F84="—","",F84)&IF(L84="Đúng","Đ","S"),'Quy tac'!$B$7) -> ĐSS | N84: =(LEN(M84)-LEN(SUBSTITUTE(M84,"S",""))+1)/(LEN(M84)+2) -> 0.6 | O84: =IF(H84="—",IF(L84="Đúng",INDEX('Quy tac'!$B$17:$B$22,2),INDEX('Quy tac'!$B$17:$B$22,1)),IF(L84="Sai",INDEX('Quy tac'!$B$17:$B$22,1),IF(I84>=H84,INDEX('Quy tac'!$B$17:$B$22,MIN(MATCH(H84,'Quy tac'!$B$17:$B$22,0)+1,6)),H84))) -> 1 | P84: =B84+O84 -> 14 | Q84: =IF(H84="—",IF(L84="Đúng","Lần đầu đúng → 3 ngày","Lần đầu sai → 1 ngày"),IF(L84="Sai","Sai → về 1 ngày",IF(I84>=H84,"Đúng, đến hạn → lên 1 bậc","Đúng nhưng ôn sớm → giữ bậc"))) -> Sai → về 1 ngày
A85: 9 | B85: 13 | C85: 4 | D85: Q13 | E85: Yếu | F85: ĐS | G85: =IF(F85="—","—",(LEN(F85)-LEN(SUBSTITUTE(F85,"S",""))+1)/(LEN(F85)+2)) -> 0.5 | H85: 1 | I85: 3 | J85: =IF(H85="—","—",'Quy tac'!$B$5^(I85/H85)) -> 0.729 | K85: =IF(H85="—","Câu mới",IF(I85>=H85,"Có","Chưa")) -> Có | L85: Đúng | M85: =RIGHT(IF(F85="—","",F85)&IF(L85="Đúng","Đ","S"),'Quy tac'!$B$7) -> ĐSĐ | N85: =(LEN(M85)-LEN(SUBSTITUTE(M85,"S",""))+1)/(LEN(M85)+2) -> 0.4 | O85: =IF(H85="—",IF(L85="Đúng",INDEX('Quy tac'!$B$17:$B$22,2),INDEX('Quy tac'!$B$17:$B$22,1)),IF(L85="Sai",INDEX('Quy tac'!$B$17:$B$22,1),IF(I85>=H85,INDEX('Quy tac'!$B$17:$B$22,MIN(MATCH(H85,'Quy tac'!$B$17:$B$22,0)+1,6)),H85))) -> 3 | P85: =B85+O85 -> 16 | Q85: =IF(H85="—",IF(L85="Đúng","Lần đầu đúng → 3 ngày","Lần đầu sai → 1 ngày"),IF(L85="Sai","Sai → về 1 ngày",IF(I85>=H85,"Đúng, đến hạn → lên 1 bậc","Đúng nhưng ôn sớm → giữ bậc"))) -> Đúng, đến hạn → lên 1 bậc
A86: 9 | B86: 13 | C86: 5 | D86: Q10 | E86: Sắp quên | F86: SĐĐ | G86: =IF(F86="—","—",(LEN(F86)-LEN(SUBSTITUTE(F86,"S",""))+1)/(LEN(F86)+2)) -> 0.4 | H86: 3 | I86: 10 | J86: =IF(H86="—","—",'Quy tac'!$B$5^(I86/H86)) -> 0.70384176 | K86: =IF(H86="—","Câu mới",IF(I86>=H86,"Có","Chưa")) -> Có | L86: Sai | M86: =RIGHT(IF(F86="—","",F86)&IF(L86="Đúng","Đ","S"),'Quy tac'!$B$7) -> SĐĐS | N86: =(LEN(M86)-LEN(SUBSTITUTE(M86,"S",""))+1)/(LEN(M86)+2) -> 0.5 | O86: =IF(H86="—",IF(L86="Đúng",INDEX('Quy tac'!$B$17:$B$22,2),INDEX('Quy tac'!$B$17:$B$22,1)),IF(L86="Sai",INDEX('Quy tac'!$B$17:$B$22,1),IF(I86>=H86,INDEX('Quy tac'!$B$17:$B$22,MIN(MATCH(H86,'Quy tac'!$B$17:$B$22,0)+1,6)),H86))) -> 1 | P86: =B86+O86 -> 14 | Q86: =IF(H86="—",IF(L86="Đúng","Lần đầu đúng → 3 ngày","Lần đầu sai → 1 ngày"),IF(L86="Sai","Sai → về 1 ngày",IF(I86>=H86,"Đúng, đến hạn → lên 1 bậc","Đúng nhưng ôn sớm → giữ bậc"))) -> Sai → về 1 ngày
A87: 9 | B87: 13 | C87: 6 | D87: Q18 | E87: Sắp quên | F87: Đ | G87: =IF(F87="—","—",(LEN(F87)-LEN(SUBSTITUTE(F87,"S",""))+1)/(LEN(F87)+2)) -> 0.33333333 | H87: 3 | I87: 10 | J87: =IF(H87="—","—",'Quy tac'!$B$5^(I87/H87)) -> 0.70384176 | K87: =IF(H87="—","Câu mới",IF(I87>=H87,"Có","Chưa")) -> Có | L87: Đúng | M87: =RIGHT(IF(F87="—","",F87)&IF(L87="Đúng","Đ","S"),'Quy tac'!$B$7) -> ĐĐ | N87: =(LEN(M87)-LEN(SUBSTITUTE(M87,"S",""))+1)/(LEN(M87)+2) -> 0.25 | O87: =IF(H87="—",IF(L87="Đúng",INDEX('Quy tac'!$B$17:$B$22,2),INDEX('Quy tac'!$B$17:$B$22,1)),IF(L87="Sai",INDEX('Quy tac'!$B$17:$B$22,1),IF(I87>=H87,INDEX('Quy tac'!$B$17:$B$22,MIN(MATCH(H87,'Quy tac'!$B$17:$B$22,0)+1,6)),H87))) -> 7 | P87: =B87+O87 -> 20 | Q87: =IF(H87="—",IF(L87="Đúng","Lần đầu đúng → 3 ngày","Lần đầu sai → 1 ngày"),IF(L87="Sai","Sai → về 1 ngày",IF(I87>=H87,"Đúng, đến hạn → lên 1 bậc","Đúng nhưng ôn sớm → giữ bậc"))) -> Đúng, đến hạn → lên 1 bậc
A88: 9 | B88: 13 | C88: 7 | D88: Q19 | E88: Sắp quên | F88: Đ | G88: =IF(F88="—","—",(LEN(F88)-LEN(SUBSTITUTE(F88,"S",""))+1)/(LEN(F88)+2)) -> 0.33333333 | H88: 3 | I88: 10 | J88: =IF(H88="—","—",'Quy tac'!$B$5^(I88/H88)) -> 0.70384176 | K88: =IF(H88="—","Câu mới",IF(I88>=H88,"Có","Chưa")) -> Có | L88: Đúng | M88: =RIGHT(IF(F88="—","",F88)&IF(L88="Đúng","Đ","S"),'Quy tac'!$B$7) -> ĐĐ | N88: =(LEN(M88)-LEN(SUBSTITUTE(M88,"S",""))+1)/(LEN(M88)+2) -> 0.25 | O88: =IF(H88="—",IF(L88="Đúng",INDEX('Quy tac'!$B$17:$B$22,2),INDEX('Quy tac'!$B$17:$B$22,1)),IF(L88="Sai",INDEX('Quy tac'!$B$17:$B$22,1),IF(I88>=H88,INDEX('Quy tac'!$B$17:$B$22,MIN(MATCH(H88,'Quy tac'!$B$17:$B$22,0)+1,6)),H88))) -> 7 | P88: =B88+O88 -> 20 | Q88: =IF(H88="—",IF(L88="Đúng","Lần đầu đúng → 3 ngày","Lần đầu sai → 1 ngày"),IF(L88="Sai","Sai → về 1 ngày",IF(I88>=H88,"Đúng, đến hạn → lên 1 bậc","Đúng nhưng ôn sớm → giữ bậc"))) -> Đúng, đến hạn → lên 1 bậc
A89: 9 | B89: 13 | C89: 8 | D89: Q37 | E89: Mới | F89: — | G89: =IF(F89="—","—",(LEN(F89)-LEN(SUBSTITUTE(F89,"S",""))+1)/(LEN(F89)+2)) -> — | H89: — | I89: — | J89: =IF(H89="—","—",'Quy tac'!$B$5^(I89/H89)) -> — | K89: =IF(H89="—","Câu mới",IF(I89>=H89,"Có","Chưa")) -> Câu mới | L89: Đúng | M89: =RIGHT(IF(F89="—","",F89)&IF(L89="Đúng","Đ","S"),'Quy tac'!$B$7) -> Đ | N89: =(LEN(M89)-LEN(SUBSTITUTE(M89,"S",""))+1)/(LEN(M89)+2) -> 0.33333333 | O89: =IF(H89="—",IF(L89="Đúng",INDEX('Quy tac'!$B$17:$B$22,2),INDEX('Quy tac'!$B$17:$B$22,1)),IF(L89="Sai",INDEX('Quy tac'!$B$17:$B$22,1),IF(I89>=H89,INDEX('Quy tac'!$B$17:$B$22,MIN(MATCH(H89,'Quy tac'!$B$17:$B$22,0)+1,6)),H89))) -> 3 | P89: =B89+O89 -> 16 | Q89: =IF(H89="—",IF(L89="Đúng","Lần đầu đúng → 3 ngày","Lần đầu sai → 1 ngày"),IF(L89="Sai","Sai → về 1 ngày",IF(I89>=H89,"Đúng, đến hạn → lên 1 bậc","Đúng nhưng ôn sớm → giữ bậc"))) -> Lần đầu đúng → 3 ngày
A90: 9 | B90: 13 | C90: 9 | D90: Q38 | E90: Mới | F90: — | G90: =IF(F90="—","—",(LEN(F90)-LEN(SUBSTITUTE(F90,"S",""))+1)/(LEN(F90)+2)) -> — | H90: — | I90: — | J90: =IF(H90="—","—",'Quy tac'!$B$5^(I90/H90)) -> — | K90: =IF(H90="—","Câu mới",IF(I90>=H90,"Có","Chưa")) -> Câu mới | L90: Sai | M90: =RIGHT(IF(F90="—","",F90)&IF(L90="Đúng","Đ","S"),'Quy tac'!$B$7) -> S | N90: =(LEN(M90)-LEN(SUBSTITUTE(M90,"S",""))+1)/(LEN(M90)+2) -> 0.66666667 | O90: =IF(H90="—",IF(L90="Đúng",INDEX('Quy tac'!$B$17:$B$22,2),INDEX('Quy tac'!$B$17:$B$22,1)),IF(L90="Sai",INDEX('Quy tac'!$B$17:$B$22,1),IF(I90>=H90,INDEX('Quy tac'!$B$17:$B$22,MIN(MATCH(H90,'Quy tac'!$B$17:$B$22,0)+1,6)),H90))) -> 1 | P90: =B90+O90 -> 14 | Q90: =IF(H90="—",IF(L90="Đúng","Lần đầu đúng → 3 ngày","Lần đầu sai → 1 ngày"),IF(L90="Sai","Sai → về 1 ngày",IF(I90>=H90,"Đúng, đến hạn → lên 1 bậc","Đúng nhưng ôn sớm → giữ bậc"))) -> Lần đầu sai → 1 ngày
A91: 9 | B91: 13 | C91: 10 | D91: Q39 | E91: Mới | F91: — | G91: =IF(F91="—","—",(LEN(F91)-LEN(SUBSTITUTE(F91,"S",""))+1)/(LEN(F91)+2)) -> — | H91: — | I91: — | J91: =IF(H91="—","—",'Quy tac'!$B$5^(I91/H91)) -> — | K91: =IF(H91="—","Câu mới",IF(I91>=H91,"Có","Chưa")) -> Câu mới | L91: Sai | M91: =RIGHT(IF(F91="—","",F91)&IF(L91="Đúng","Đ","S"),'Quy tac'!$B$7) -> S | N91: =(LEN(M91)-LEN(SUBSTITUTE(M91,"S",""))+1)/(LEN(M91)+2) -> 0.66666667 | O91: =IF(H91="—",IF(L91="Đúng",INDEX('Quy tac'!$B$17:$B$22,2),INDEX('Quy tac'!$B$17:$B$22,1)),IF(L91="Sai",INDEX('Quy tac'!$B$17:$B$22,1),IF(I91>=H91,INDEX('Quy tac'!$B$17:$B$22,MIN(MATCH(H91,'Quy tac'!$B$17:$B$22,0)+1,6)),H91))) -> 1 | P91: =B91+O91 -> 14 | Q91: =IF(H91="—",IF(L91="Đúng","Lần đầu đúng → 3 ngày","Lần đầu sai → 1 ngày"),IF(L91="Sai","Sai → về 1 ngày",IF(I91>=H91,"Đúng, đến hạn → lên 1 bậc","Đúng nhưng ôn sớm → giữ bậc"))) -> Lần đầu sai → 1 ngày
A92: 10 | B92: 17 | C92: 1 | D92: Q34 | E92: Yếu | F92: SS | G92: =IF(F92="—","—",(LEN(F92)-LEN(SUBSTITUTE(F92,"S",""))+1)/(LEN(F92)+2)) -> 0.75 | H92: 1 | I92: 4 | J92: =IF(H92="—","—",'Quy tac'!$B$5^(I92/H92)) -> 0.6561 | K92: =IF(H92="—","Câu mới",IF(I92>=H92,"Có","Chưa")) -> Có | L92: Đúng | M92: =RIGHT(IF(F92="—","",F92)&IF(L92="Đúng","Đ","S"),'Quy tac'!$B$7) -> SSĐ | N92: =(LEN(M92)-LEN(SUBSTITUTE(M92,"S",""))+1)/(LEN(M92)+2) -> 0.6 | O92: =IF(H92="—",IF(L92="Đúng",INDEX('Quy tac'!$B$17:$B$22,2),INDEX('Quy tac'!$B$17:$B$22,1)),IF(L92="Sai",INDEX('Quy tac'!$B$17:$B$22,1),IF(I92>=H92,INDEX('Quy tac'!$B$17:$B$22,MIN(MATCH(H92,'Quy tac'!$B$17:$B$22,0)+1,6)),H92))) -> 3 | P92: =B92+O92 -> 20 | Q92: =IF(H92="—",IF(L92="Đúng","Lần đầu đúng → 3 ngày","Lần đầu sai → 1 ngày"),IF(L92="Sai","Sai → về 1 ngày",IF(I92>=H92,"Đúng, đến hạn → lên 1 bậc","Đúng nhưng ôn sớm → giữ bậc"))) -> Đúng, đến hạn → lên 1 bậc
A93: 10 | B93: 17 | C93: 2 | D93: Q09 | E93: Yếu | F93: ĐSSS | G93: =IF(F93="—","—",(LEN(F93)-LEN(SUBSTITUTE(F93,"S",""))+1)/(LEN(F93)+2)) -> 0.66666667 | H93: 1 | I93: 4 | J93: =IF(H93="—","—",'Quy tac'!$B$5^(I93/H93)) -> 0.6561 | K93: =IF(H93="—","Câu mới",IF(I93>=H93,"Có","Chưa")) -> Có | L93: Đúng | M93: =RIGHT(IF(F93="—","",F93)&IF(L93="Đúng","Đ","S"),'Quy tac'!$B$7) -> ĐSSSĐ | N93: =(LEN(M93)-LEN(SUBSTITUTE(M93,"S",""))+1)/(LEN(M93)+2) -> 0.57142857 | O93: =IF(H93="—",IF(L93="Đúng",INDEX('Quy tac'!$B$17:$B$22,2),INDEX('Quy tac'!$B$17:$B$22,1)),IF(L93="Sai",INDEX('Quy tac'!$B$17:$B$22,1),IF(I93>=H93,INDEX('Quy tac'!$B$17:$B$22,MIN(MATCH(H93,'Quy tac'!$B$17:$B$22,0)+1,6)),H93))) -> 3 | P93: =B93+O93 -> 20 | Q93: =IF(H93="—",IF(L93="Đúng","Lần đầu đúng → 3 ngày","Lần đầu sai → 1 ngày"),IF(L93="Sai","Sai → về 1 ngày",IF(I93>=H93,"Đúng, đến hạn → lên 1 bậc","Đúng nhưng ôn sớm → giữ bậc"))) -> Đúng, đến hạn → lên 1 bậc
A94: 10 | B94: 17 | C94: 3 | D94: Q38 | E94: Yếu | F94: S | G94: =IF(F94="—","—",(LEN(F94)-LEN(SUBSTITUTE(F94,"S",""))+1)/(LEN(F94)+2)) -> 0.66666667 | H94: 1 | I94: 4 | J94: =IF(H94="—","—",'Quy tac'!$B$5^(I94/H94)) -> 0.6561 | K94: =IF(H94="—","Câu mới",IF(I94>=H94,"Có","Chưa")) -> Có | L94: Sai | M94: =RIGHT(IF(F94="—","",F94)&IF(L94="Đúng","Đ","S"),'Quy tac'!$B$7) -> SS | N94: =(LEN(M94)-LEN(SUBSTITUTE(M94,"S",""))+1)/(LEN(M94)+2) -> 0.75 | O94: =IF(H94="—",IF(L94="Đúng",INDEX('Quy tac'!$B$17:$B$22,2),INDEX('Quy tac'!$B$17:$B$22,1)),IF(L94="Sai",INDEX('Quy tac'!$B$17:$B$22,1),IF(I94>=H94,INDEX('Quy tac'!$B$17:$B$22,MIN(MATCH(H94,'Quy tac'!$B$17:$B$22,0)+1,6)),H94))) -> 1 | P94: =B94+O94 -> 18 | Q94: =IF(H94="—",IF(L94="Đúng","Lần đầu đúng → 3 ngày","Lần đầu sai → 1 ngày"),IF(L94="Sai","Sai → về 1 ngày",IF(I94>=H94,"Đúng, đến hạn → lên 1 bậc","Đúng nhưng ôn sớm → giữ bậc"))) -> Sai → về 1 ngày
A95: 10 | B95: 17 | C95: 4 | D95: Q39 | E95: Yếu | F95: S | G95: =IF(F95="—","—",(LEN(F95)-LEN(SUBSTITUTE(F95,"S",""))+1)/(LEN(F95)+2)) -> 0.66666667 | H95: 1 | I95: 4 | J95: =IF(H95="—","—",'Quy tac'!$B$5^(I95/H95)) -> 0.6561 | K95: =IF(H95="—","Câu mới",IF(I95>=H95,"Có","Chưa")) -> Có | L95: Sai | M95: =RIGHT(IF(F95="—","",F95)&IF(L95="Đúng","Đ","S"),'Quy tac'!$B$7) -> SS | N95: =(LEN(M95)-LEN(SUBSTITUTE(M95,"S",""))+1)/(LEN(M95)+2) -> 0.75 | O95: =IF(H95="—",IF(L95="Đúng",INDEX('Quy tac'!$B$17:$B$22,2),INDEX('Quy tac'!$B$17:$B$22,1)),IF(L95="Sai",INDEX('Quy tac'!$B$17:$B$22,1),IF(I95>=H95,INDEX('Quy tac'!$B$17:$B$22,MIN(MATCH(H95,'Quy tac'!$B$17:$B$22,0)+1,6)),H95))) -> 1 | P95: =B95+O95 -> 18 | Q95: =IF(H95="—",IF(L95="Đúng","Lần đầu đúng → 3 ngày","Lần đầu sai → 1 ngày"),IF(L95="Sai","Sai → về 1 ngày",IF(I95>=H95,"Đúng, đến hạn → lên 1 bậc","Đúng nhưng ôn sớm → giữ bậc"))) -> Sai → về 1 ngày
A96: 10 | B96: 17 | C96: 5 | D96: Q16 | E96: Sắp quên | F96: ĐS | G96: =IF(F96="—","—",(LEN(F96)-LEN(SUBSTITUTE(F96,"S",""))+1)/(LEN(F96)+2)) -> 0.5 | H96: 1 | I96: 7 | J96: =IF(H96="—","—",'Quy tac'!$B$5^(I96/H96)) -> 0.4782969 | K96: =IF(H96="—","Câu mới",IF(I96>=H96,"Có","Chưa")) -> Có | L96: Sai | M96: =RIGHT(IF(F96="—","",F96)&IF(L96="Đúng","Đ","S"),'Quy tac'!$B$7) -> ĐSS | N96: =(LEN(M96)-LEN(SUBSTITUTE(M96,"S",""))+1)/(LEN(M96)+2) -> 0.6 | O96: =IF(H96="—",IF(L96="Đúng",INDEX('Quy tac'!$B$17:$B$22,2),INDEX('Quy tac'!$B$17:$B$22,1)),IF(L96="Sai",INDEX('Quy tac'!$B$17:$B$22,1),IF(I96>=H96,INDEX('Quy tac'!$B$17:$B$22,MIN(MATCH(H96,'Quy tac'!$B$17:$B$22,0)+1,6)),H96))) -> 1 | P96: =B96+O96 -> 18 | Q96: =IF(H96="—",IF(L96="Đúng","Lần đầu đúng → 3 ngày","Lần đầu sai → 1 ngày"),IF(L96="Sai","Sai → về 1 ngày",IF(I96>=H96,"Đúng, đến hạn → lên 1 bậc","Đúng nhưng ôn sớm → giữ bậc"))) -> Sai → về 1 ngày
A97: 10 | B97: 17 | C97: 6 | D97: Q20 | E97: Sắp quên | F97: Đ | G97: =IF(F97="—","—",(LEN(F97)-LEN(SUBSTITUTE(F97,"S",""))+1)/(LEN(F97)+2)) -> 0.33333333 | H97: 3 | I97: 14 | J97: =IF(H97="—","—",'Quy tac'!$B$5^(I97/H97)) -> 0.61159657 | K97: =IF(H97="—","Câu mới",IF(I97>=H97,"Có","Chưa")) -> Có | L97: Sai | M97: =RIGHT(IF(F97="—","",F97)&IF(L97="Đúng","Đ","S"),'Quy tac'!$B$7) -> ĐS | N97: =(LEN(M97)-LEN(SUBSTITUTE(M97,"S",""))+1)/(LEN(M97)+2) -> 0.5 | O97: =IF(H97="—",IF(L97="Đúng",INDEX('Quy tac'!$B$17:$B$22,2),INDEX('Quy tac'!$B$17:$B$22,1)),IF(L97="Sai",INDEX('Quy tac'!$B$17:$B$22,1),IF(I97>=H97,INDEX('Quy tac'!$B$17:$B$22,MIN(MATCH(H97,'Quy tac'!$B$17:$B$22,0)+1,6)),H97))) -> 1 | P97: =B97+O97 -> 18 | Q97: =IF(H97="—",IF(L97="Đúng","Lần đầu đúng → 3 ngày","Lần đầu sai → 1 ngày"),IF(L97="Sai","Sai → về 1 ngày",IF(I97>=H97,"Đúng, đến hạn → lên 1 bậc","Đúng nhưng ôn sớm → giữ bậc"))) -> Sai → về 1 ngày
A98: 10 | B98: 17 | C98: 7 | D98: Q22 | E98: Sắp quên | F98: Đ | G98: =IF(F98="—","—",(LEN(F98)-LEN(SUBSTITUTE(F98,"S",""))+1)/(LEN(F98)+2)) -> 0.33333333 | H98: 3 | I98: 13 | J98: =IF(H98="—","—",'Quy tac'!$B$5^(I98/H98)) -> 0.63345759 | K98: =IF(H98="—","Câu mới",IF(I98>=H98,"Có","Chưa")) -> Có | L98: Đúng | M98: =RIGHT(IF(F98="—","",F98)&IF(L98="Đúng","Đ","S"),'Quy tac'!$B$7) -> ĐĐ | N98: =(LEN(M98)-LEN(SUBSTITUTE(M98,"S",""))+1)/(LEN(M98)+2) -> 0.25 | O98: =IF(H98="—",IF(L98="Đúng",INDEX('Quy tac'!$B$17:$B$22,2),INDEX('Quy tac'!$B$17:$B$22,1)),IF(L98="Sai",INDEX('Quy tac'!$B$17:$B$22,1),IF(I98>=H98,INDEX('Quy tac'!$B$17:$B$22,MIN(MATCH(H98,'Quy tac'!$B$17:$B$22,0)+1,6)),H98))) -> 7 | P98: =B98+O98 -> 24 | Q98: =IF(H98="—",IF(L98="Đúng","Lần đầu đúng → 3 ngày","Lần đầu sai → 1 ngày"),IF(L98="Sai","Sai → về 1 ngày",IF(I98>=H98,"Đúng, đến hạn → lên 1 bậc","Đúng nhưng ôn sớm → giữ bậc"))) -> Đúng, đến hạn → lên 1 bậc
A99: 10 | B99: 17 | C99: 8 | D99: Q40 | E99: Mới | F99: — | G99: =IF(F99="—","—",(LEN(F99)-LEN(SUBSTITUTE(F99,"S",""))+1)/(LEN(F99)+2)) -> — | H99: — | I99: — | J99: =IF(H99="—","—",'Quy tac'!$B$5^(I99/H99)) -> — | K99: =IF(H99="—","Câu mới",IF(I99>=H99,"Có","Chưa")) -> Câu mới | L99: Đúng | M99: =RIGHT(IF(F99="—","",F99)&IF(L99="Đúng","Đ","S"),'Quy tac'!$B$7) -> Đ | N99: =(LEN(M99)-LEN(SUBSTITUTE(M99,"S",""))+1)/(LEN(M99)+2) -> 0.33333333 | O99: =IF(H99="—",IF(L99="Đúng",INDEX('Quy tac'!$B$17:$B$22,2),INDEX('Quy tac'!$B$17:$B$22,1)),IF(L99="Sai",INDEX('Quy tac'!$B$17:$B$22,1),IF(I99>=H99,INDEX('Quy tac'!$B$17:$B$22,MIN(MATCH(H99,'Quy tac'!$B$17:$B$22,0)+1,6)),H99))) -> 3 | P99: =B99+O99 -> 20 | Q99: =IF(H99="—",IF(L99="Đúng","Lần đầu đúng → 3 ngày","Lần đầu sai → 1 ngày"),IF(L99="Sai","Sai → về 1 ngày",IF(I99>=H99,"Đúng, đến hạn → lên 1 bậc","Đúng nhưng ôn sớm → giữ bậc"))) -> Lần đầu đúng → 3 ngày
A100: 10 | B100: 17 | C100: 9 | D100: Q41 | E100: Mới | F100: — | G100: =IF(F100="—","—",(LEN(F100)-LEN(SUBSTITUTE(F100,"S",""))+1)/(LEN(F100)+2)) -> — | H100: — | I100: — | J100: =IF(H100="—","—",'Quy tac'!$B$5^(I100/H100)) -> — | K100: =IF(H100="—","Câu mới",IF(I100>=H100,"Có","Chưa")) -> Câu mới | L100: Sai | M100: =RIGHT(IF(F100="—","",F100)&IF(L100="Đúng","Đ","S"),'Quy tac'!$B$7) -> S | N100: =(LEN(M100)-LEN(SUBSTITUTE(M100,"S",""))+1)/(LEN(M100)+2) -> 0.66666667 | O100: =IF(H100="—",IF(L100="Đúng",INDEX('Quy tac'!$B$17:$B$22,2),INDEX('Quy tac'!$B$17:$B$22,1)),IF(L100="Sai",INDEX('Quy tac'!$B$17:$B$22,1),IF(I100>=H100,INDEX('Quy tac'!$B$17:$B$22,MIN(MATCH(H100,'Quy tac'!$B$17:$B$22,0)+1,6)),H100))) -> 1 | P100: =B100+O100 -> 18 | Q100: =IF(H100="—",IF(L100="Đúng","Lần đầu đúng → 3 ngày","Lần đầu sai → 1 ngày"),IF(L100="Sai","Sai → về 1 ngày",IF(I100>=H100,"Đúng, đến hạn → lên 1 bậc","Đúng nhưng ôn sớm → giữ bậc"))) -> Lần đầu sai → 1 ngày
...

Sheet Tong quan phien
A1: Phiên | B1: Ngày | C1: Câu đã làm trước phiên | D1: Câu chưa làm | E1: Đang nghỉ (bị loại) | F1: Cỡ nhóm Yếu | G1: Cỡ nhóm Sắp quên | H1: Chọn: Yếu | I1: Chọn: Sắp quên | J1: Chọn: Mới | K1: Đúng / 10 | L1: Đúng ở câu mới | M1: Đúng ở câu ôn
A2: 1 | B2: 1 | C2: 0 | D2: 50 | E2: 0 | F2: 0 | G2: 0 | H2: =COUNTIFS('Nhat ky'!$A$2:$A$101,A2,'Nhat ky'!$E$2:$E$101,"Yếu") -> 0 | I2: =COUNTIFS('Nhat ky'!$A$2:$A$101,A2,'Nhat ky'!$E$2:$E$101,"Sắp quên") -> 0 | J2: =COUNTIFS('Nhat ky'!$A$2:$A$101,A2,'Nhat ky'!$E$2:$E$101,"Mới") -> 10 | K2: =COUNTIFS('Nhat ky'!$A$2:$A$101,A2,'Nhat ky'!$L$2:$L$101,"Đúng") -> 7 | L2: =COUNTIFS('Nhat ky'!$A$2:$A$101,A2,'Nhat ky'!$E$2:$E$101,"Mới",'Nhat ky'!$L$2:$L$101,"Đúng")&"/"&J2 -> 7/10 | M2: =(K2-COUNTIFS('Nhat ky'!$A$2:$A$101,A2,'Nhat ky'!$E$2:$E$101,"Mới",'Nhat ky'!$L$2:$L$101,"Đúng"))&"/"&(10-J2) -> 0/0
A3: 2 | B3: 2 | C3: 10 | D3: 40 | E3: 0 | F3: 3 | G3: 3 | H3: =COUNTIFS('Nhat ky'!$A$2:$A$101,A3,'Nhat ky'!$E$2:$E$101,"Yếu") -> 3 | I3: =COUNTIFS('Nhat ky'!$A$2:$A$101,A3,'Nhat ky'!$E$2:$E$101,"Sắp quên") -> 0 | J3: =COUNTIFS('Nhat ky'!$A$2:$A$101,A3,'Nhat ky'!$E$2:$E$101,"Mới") -> 7 | K3: =COUNTIFS('Nhat ky'!$A$2:$A$101,A3,'Nhat ky'!$L$2:$L$101,"Đúng") -> 6 | L3: =COUNTIFS('Nhat ky'!$A$2:$A$101,A3,'Nhat ky'!$E$2:$E$101,"Mới",'Nhat ky'!$L$2:$L$101,"Đúng")&"/"&J3 -> 4/7 | M3: =(K3-COUNTIFS('Nhat ky'!$A$2:$A$101,A3,'Nhat ky'!$E$2:$E$101,"Mới",'Nhat ky'!$L$2:$L$101,"Đúng"))&"/"&(10-J3) -> 2/3
A4: 3 | B4: 3 | C4: 17 | D4: 33 | E4: 0 | F4: 6 | G4: 4 | H4: =COUNTIFS('Nhat ky'!$A$2:$A$101,A4,'Nhat ky'!$E$2:$E$101,"Yếu") -> 6 | I4: =COUNTIFS('Nhat ky'!$A$2:$A$101,A4,'Nhat ky'!$E$2:$E$101,"Sắp quên") -> 0 | J4: =COUNTIFS('Nhat ky'!$A$2:$A$101,A4,'Nhat ky'!$E$2:$E$101,"Mới") -> 4 | K4: =COUNTIFS('Nhat ky'!$A$2:$A$101,A4,'Nhat ky'!$L$2:$L$101,"Đúng") -> 5 | L4: =COUNTIFS('Nhat ky'!$A$2:$A$101,A4,'Nhat ky'!$E$2:$E$101,"Mới",'Nhat ky'!$L$2:$L$101,"Đúng")&"/"&J4 -> 3/4 | M4: =(K4-COUNTIFS('Nhat ky'!$A$2:$A$101,A4,'Nhat ky'!$E$2:$E$101,"Mới",'Nhat ky'!$L$2:$L$101,"Đúng"))&"/"&(10-J4) -> 2/6
A5: 4 | B5: 4 | C5: 21 | D5: 29 | E5: 0 | F5: 6 | G5: 12 | H5: =COUNTIFS('Nhat ky'!$A$2:$A$101,A5,'Nhat ky'!$E$2:$E$101,"Yếu") -> 4 | I5: =COUNTIFS('Nhat ky'!$A$2:$A$101,A5,'Nhat ky'!$E$2:$E$101,"Sắp quên") -> 3 | J5: =COUNTIFS('Nhat ky'!$A$2:$A$101,A5,'Nhat ky'!$E$2:$E$101,"Mới") -> 3 | K5: =COUNTIFS('Nhat ky'!$A$2:$A$101,A5,'Nhat ky'!$L$2:$L$101,"Đúng") -> 7 | L5: =COUNTIFS('Nhat ky'!$A$2:$A$101,A5,'Nhat ky'!$E$2:$E$101,"Mới",'Nhat ky'!$L$2:$L$101,"Đúng")&"/"&J5 -> 1/3 | M5: =(K5-COUNTIFS('Nhat ky'!$A$2:$A$101,A5,'Nhat ky'!$E$2:$E$101,"Mới",'Nhat ky'!$L$2:$L$101,"Đúng"))&"/"&(10-J5) -> 6/7
A6: 5 | B6: 5 | C6: 24 | D6: 26 | E6: 0 | F6: 9 | G6: 12 | H6: =COUNTIFS('Nhat ky'!$A$2:$A$101,A6,'Nhat ky'!$E$2:$E$101,"Yếu") -> 4 | I6: =COUNTIFS('Nhat ky'!$A$2:$A$101,A6,'Nhat ky'!$E$2:$E$101,"Sắp quên") -> 3 | J6: =COUNTIFS('Nhat ky'!$A$2:$A$101,A6,'Nhat ky'!$E$2:$E$101,"Mới") -> 3 | K6: =COUNTIFS('Nhat ky'!$A$2:$A$101,A6,'Nhat ky'!$L$2:$L$101,"Đúng") -> 6 | L6: =COUNTIFS('Nhat ky'!$A$2:$A$101,A6,'Nhat ky'!$E$2:$E$101,"Mới",'Nhat ky'!$L$2:$L$101,"Đúng")&"/"&J6 -> 2/3 | M6: =(K6-COUNTIFS('Nhat ky'!$A$2:$A$101,A6,'Nhat ky'!$E$2:$E$101,"Mới",'Nhat ky'!$L$2:$L$101,"Đúng"))&"/"&(10-J6) -> 4/7
A7: 6 | B7: 5.5 | C7: 27 | D7: 23 | E7: 10 | F7: 5 | G7: 7 | H7: =COUNTIFS('Nhat ky'!$A$2:$A$101,A7,'Nhat ky'!$E$2:$E$101,"Yếu") -> 4 | I7: =COUNTIFS('Nhat ky'!$A$2:$A$101,A7,'Nhat ky'!$E$2:$E$101,"Sắp quên") -> 3 | J7: =COUNTIFS('Nhat ky'!$A$2:$A$101,A7,'Nhat ky'!$E$2:$E$101,"Mới") -> 3 | K7: =COUNTIFS('Nhat ky'!$A$2:$A$101,A7,'Nhat ky'!$L$2:$L$101,"Đúng") -> 6 | L7: =COUNTIFS('Nhat ky'!$A$2:$A$101,A7,'Nhat ky'!$E$2:$E$101,"Mới",'Nhat ky'!$L$2:$L$101,"Đúng")&"/"&J7 -> 3/3 | M7: =(K7-COUNTIFS('Nhat ky'!$A$2:$A$101,A7,'Nhat ky'!$E$2:$E$101,"Mới",'Nhat ky'!$L$2:$L$101,"Đúng"))&"/"&(10-J7) -> 3/7
A8: 7 | B8: 8 | C8: 30 | D8: 20 | E8: 0 | F8: 14 | G8: 23 | H8: =COUNTIFS('Nhat ky'!$A$2:$A$101,A8,'Nhat ky'!$E$2:$E$101,"Yếu") -> 4 | I8: =COUNTIFS('Nhat ky'!$A$2:$A$101,A8,'Nhat ky'!$E$2:$E$101,"Sắp quên") -> 3 | J8: =COUNTIFS('Nhat ky'!$A$2:$A$101,A8,'Nhat ky'!$E$2:$E$101,"Mới") -> 3 | K8: =COUNTIFS('Nhat ky'!$A$2:$A$101,A8,'Nhat ky'!$L$2:$L$101,"Đúng") -> 9 | L8: =COUNTIFS('Nhat ky'!$A$2:$A$101,A8,'Nhat ky'!$E$2:$E$101,"Mới",'Nhat ky'!$L$2:$L$101,"Đúng")&"/"&J8 -> 2/3 | M8: =(K8-COUNTIFS('Nhat ky'!$A$2:$A$101,A8,'Nhat ky'!$E$2:$E$101,"Mới",'Nhat ky'!$L$2:$L$101,"Đúng"))&"/"&(10-J8) -> 7/7
A9: 8 | B9: 10 | C9: 33 | D9: 17 | E9: 0 | F9: 11 | G9: 22 | H9: =COUNTIFS('Nhat ky'!$A$2:$A$101,A9,'Nhat ky'!$E$2:$E$101,"Yếu") -> 4 | I9: =COUNTIFS('Nhat ky'!$A$2:$A$101,A9,'Nhat ky'!$E$2:$E$101,"Sắp quên") -> 3 | J9: =COUNTIFS('Nhat ky'!$A$2:$A$101,A9,'Nhat ky'!$E$2:$E$101,"Mới") -> 3 | K9: =COUNTIFS('Nhat ky'!$A$2:$A$101,A9,'Nhat ky'!$L$2:$L$101,"Đúng") -> 5 | L9: =COUNTIFS('Nhat ky'!$A$2:$A$101,A9,'Nhat ky'!$E$2:$E$101,"Mới",'Nhat ky'!$L$2:$L$101,"Đúng")&"/"&J9 -> 2/3 | M9: =(K9-COUNTIFS('Nhat ky'!$A$2:$A$101,A9,'Nhat ky'!$E$2:$E$101,"Mới",'Nhat ky'!$L$2:$L$101,"Đúng"))&"/"&(10-J9) -> 3/7
A10: 9 | B10: 13 | C10: 36 | D10: 14 | E10: 0 | F10: 13 | G10: 34 | H10: =COUNTIFS('Nhat ky'!$A$2:$A$101,A10,'Nhat ky'!$E$2:$E$101,"Yếu") -> 4 | I10: =COUNTIFS('Nhat ky'!$A$2:$A$101,A10,'Nhat ky'!$E$2:$E$101,"Sắp quên") -> 3 | J10: =COUNTIFS('Nhat ky'!$A$2:$A$101,A10,'Nhat ky'!$E$2:$E$101,"Mới") -> 3 | K10: =COUNTIFS('Nhat ky'!$A$2:$A$101,A10,'Nhat ky'!$L$2:$L$101,"Đúng") -> 4 | L10: =COUNTIFS('Nhat ky'!$A$2:$A$101,A10,'Nhat ky'!$E$2:$E$101,"Mới",'Nhat ky'!$L$2:$L$101,"Đúng")&"/"&J10 -> 1/3 | M10: =(K10-COUNTIFS('Nhat ky'!$A$2:$A$101,A10,'Nhat ky'!$E$2:$E$101,"Mới",'Nhat ky'!$L$2:$L$101,"Đúng"))&"/"&(10-J10) -> 3/7
A11: 10 | B11: 17 | C11: 39 | D11: 11 | E11: 0 | F11: 15 | G11: 37 | H11: =COUNTIFS('Nhat ky'!$A$2:$A$101,A11,'Nhat ky'!$E$2:$E$101,"Yếu") -> 4 | I11: =COUNTIFS('Nhat ky'!$A$2:$A$101,A11,'Nhat ky'!$E$2:$E$101,"Sắp quên") -> 3 | J11: =COUNTIFS('Nhat ky'!$A$2:$A$101,A11,'Nhat ky'!$E$2:$E$101,"Mới") -> 3 | K11: =COUNTIFS('Nhat ky'!$A$2:$A$101,A11,'Nhat ky'!$L$2:$L$101,"Đúng") -> 5 | L11: =COUNTIFS('Nhat ky'!$A$2:$A$101,A11,'Nhat ky'!$E$2:$E$101,"Mới",'Nhat ky'!$L$2:$L$101,"Đúng")&"/"&J11 -> 2/3 | M11: =(K11-COUNTIFS('Nhat ky'!$A$2:$A$101,A11,'Nhat ky'!$E$2:$E$101,"Mới",'Nhat ky'!$L$2:$L$101,"Đúng"))&"/"&(10-J11) -> 3/7
A13: Cột C–G (xanh dương) lấy từ mô phỏng tại thời điểm dựng phiên; cột H–M tính từ sheet 'Nhat ky'.
A14: Phiên 6 diễn ra tối cùng ngày 5 (ngày 5,5): 10 câu của phiên 5 mới làm 12 giờ trước nên bị loại vì chưa đủ 20 giờ nghỉ.

Sheet Trang thai ngay 17
A1: Trạng thái 50 câu tại ngày 17 (ngay sau phiên 10)
A2: Ngày xét | B2: 17
A4: Mã câu | B4: Số lần đã làm | C4: Lịch sử 5 lần (cũ→mới) | D4: Độ yếu | E4: S (ngày) | F4: Lần làm cuối (ngày) | G4: t (ngày) | H4: R hôm nay | I4: Hạn ôn | J4: Thuộc nhóm | L4: Thống kê
A5: Q01 | B5: 4 | C5: ĐSSĐ | D5: =(LEN(C5)-LEN(SUBSTITUTE(C5,"S",""))+1)/(LEN(C5)+2) -> 0.5 | E5: 3 | F5: 8 | G5: =$B$2-F5 -> 9 | H5: ='Quy tac'!$B$5^(G5/E5) -> 0.729 | I5: =F5+E5 -> 11 | J5: =IF(AND(D5>='Quy tac'!$B$6,G5>=E5),"Yếu + sắp quên",IF(D5>='Quy tac'!$B$6,"Yếu",IF(G5>=E5,"Sắp quên","Ổn định"))) -> Yếu + sắp quên | L5: Chưa làm | M5: =COUNTIF($J$5:$J$54,L5) -> 8
A6: Q02 | B6: 2 | C6: ĐĐ | D6: =(LEN(C6)-LEN(SUBSTITUTE(C6,"S",""))+1)/(LEN(C6)+2) -> 0.25 | E6: 7 | F6: 4 | G6: =$B$2-F6 -> 13 | H6: ='Quy tac'!$B$5^(G6/E6) -> 0.82228393 | I6: =F6+E6 -> 11 | J6: =IF(AND(D6>='Quy tac'!$B$6,G6>=E6),"Yếu + sắp quên",IF(D6>='Quy tac'!$B$6,"Yếu",IF(G6>=E6,"Sắp quên","Ổn định"))) -> Sắp quên | L6: Yếu | M6: =COUNTIF($J$5:$J$54,L6) -> 7
A7: Q03 | B7: 6 | C7: SSĐĐĐ | D7: =(LEN(C7)-LEN(SUBSTITUTE(C7,"S",""))+1)/(LEN(C7)+2) -> 0.42857143 | E7: 7 | F7: 8 | G7: =$B$2-F7 -> 9 | H7: ='Quy tac'!$B$5^(G7/E7) -> 0.87331102 | I7: =F7+E7 -> 15 | J7: =IF(AND(D7>='Quy tac'!$B$6,G7>=E7),"Yếu + sắp quên",IF(D7>='Quy tac'!$B$6,"Yếu",IF(G7>=E7,"Sắp quên","Ổn định"))) -> Sắp quên | L7: Sắp quên | M7: =COUNTIF($J$5:$J$54,L7) -> 20
A8: Q04 | B8: 3 | C8: ĐSĐ | D8: =(LEN(C8)-LEN(SUBSTITUTE(C8,"S",""))+1)/(LEN(C8)+2) -> 0.4 | E8: 3 | F8: 8 | G8: =$B$2-F8 -> 9 | H8: ='Quy tac'!$B$5^(G8/E8) -> 0.729 | I8: =F8+E8 -> 11 | J8: =IF(AND(D8>='Quy tac'!$B$6,G8>=E8),"Yếu + sắp quên",IF(D8>='Quy tac'!$B$6,"Yếu",IF(G8>=E8,"Sắp quên","Ổn định"))) -> Sắp quên | L8: Yếu + sắp quên | M8: =COUNTIF($J$5:$J$54,L8) -> 10
A9: Q05 | B9: 5 | C9: SĐSĐĐ | D9: =(LEN(C9)-LEN(SUBSTITUTE(C9,"S",""))+1)/(LEN(C9)+2) -> 0.42857143 | E9: 3 | F9: 5.5 | G9: =$B$2-F9 -> 11.5 | H9: ='Quy tac'!$B$5^(G9/E9) -> 0.66772292 | I9: =F9+E9 -> 8.5 | J9: =IF(AND(D9>='Quy tac'!$B$6,G9>=E9),"Yếu + sắp quên",IF(D9>='Quy tac'!$B$6,"Yếu",IF(G9>=E9,"Sắp quên","Ổn định"))) -> Sắp quên | L9: Ổn định | M9: =COUNTIF($J$5:$J$54,L9) -> 5
A10: Q06 | B10: 3 | C10: ĐSĐ | D10: =(LEN(C10)-LEN(SUBSTITUTE(C10,"S",""))+1)/(LEN(C10)+2) -> 0.4 | E10: 3 | F10: 8 | G10: =$B$2-F10 -> 9 | H10: ='Quy tac'!$B$5^(G10/E10) -> 0.729 | I10: =F10+E10 -> 11 | J10: =IF(AND(D10>='Quy tac'!$B$6,G10>=E10),"Yếu + sắp quên",IF(D10>='Quy tac'!$B$6,"Yếu",IF(G10>=E10,"Sắp quên","Ổn định"))) -> Sắp quên
A11: Q07 | B11: 3 | C11: ĐSĐ | D11: =(LEN(C11)-LEN(SUBSTITUTE(C11,"S",""))+1)/(LEN(C11)+2) -> 0.4 | E11: 3 | F11: 8 | G11: =$B$2-F11 -> 9 | H11: ='Quy tac'!$B$5^(G11/E11) -> 0.729 | I11: =F11+E11 -> 11 | J11: =IF(AND(D11>='Quy tac'!$B$6,G11>=E11),"Yếu + sắp quên",IF(D11>='Quy tac'!$B$6,"Yếu",IF(G11>=E11,"Sắp quên","Ổn định"))) -> Sắp quên
A12: Q08 | B12: 2 | C12: ĐĐ | D12: =(LEN(C12)-LEN(SUBSTITUTE(C12,"S",""))+1)/(LEN(C12)+2) -> 0.25 | E12: 7 | F12: 5.5 | G12: =$B$2-F12 -> 11.5 | H12: ='Quy tac'!$B$5^(G12/E12) -> 0.84106 | I12: =F12+E12 -> 12.5 | J12: =IF(AND(D12>='Quy tac'!$B$6,G12>=E12),"Yếu + sắp quên",IF(D12>='Quy tac'!$B$6,"Yếu",IF(G12>=E12,"Sắp quên","Ổn định"))) -> Sắp quên
A13: Q09 | B13: 5 | C13: ĐSSSĐ | D13: =(LEN(C13)-LEN(SUBSTITUTE(C13,"S",""))+1)/(LEN(C13)+2) -> 0.57142857 | E13: 3 | F13: 17 | G13: =$B$2-F13 -> 0 | H13: ='Quy tac'!$B$5^(G13/E13) -> 1 | I13: =F13+E13 -> 20 | J13: =IF(AND(D13>='Quy tac'!$B$6,G13>=E13),"Yếu + sắp quên",IF(D13>='Quy tac'!$B$6,"Yếu",IF(G13>=E13,"Sắp quên","Ổn định"))) -> Yếu
A14: Q10 | B14: 4 | C14: SĐĐS | D14: =(LEN(C14)-LEN(SUBSTITUTE(C14,"S",""))+1)/(LEN(C14)+2) -> 0.5 | E14: 1 | F14: 13 | G14: =$B$2-F14 -> 4 | H14: ='Quy tac'!$B$5^(G14/E14) -> 0.6561 | I14: =F14+E14 -> 14 | J14: =IF(AND(D14>='Quy tac'!$B$6,G14>=E14),"Yếu + sắp quên",IF(D14>='Quy tac'!$B$6,"Yếu",IF(G14>=E14,"Sắp quên","Ổn định"))) -> Yếu + sắp quên
A15: Q11 | B15: 3 | C15: ĐSĐ | D15: =(LEN(C15)-LEN(SUBSTITUTE(C15,"S",""))+1)/(LEN(C15)+2) -> 0.4 | E15: 3 | F15: 10 | G15: =$B$2-F15 -> 7 | H15: ='Quy tac'!$B$5^(G15/E15) -> 0.7820464 | I15: =F15+E15 -> 13 | J15: =IF(AND(D15>='Quy tac'!$B$6,G15>=E15),"Yếu + sắp quên",IF(D15>='Quy tac'!$B$6,"Yếu",IF(G15>=E15,"Sắp quên","Ổn định"))) -> Sắp quên
A16: Q12 | B16: 3 | C16: ĐSS | D16: =(LEN(C16)-LEN(SUBSTITUTE(C16,"S",""))+1)/(LEN(C16)+2) -> 0.6 | E16: 1 | F16: 13 | G16: =$B$2-F16 -> 4 | H16: ='Quy tac'!$B$5^(G16/E16) -> 0.6561 | I16: =F16+E16 -> 14 | J16: =IF(AND(D16>='Quy tac'!$B$6,G16>=E16),"Yếu + sắp quên",IF(D16>='Quy tac'!$B$6,"Yếu",IF(G16>=E16,"Sắp quên","Ổn định"))) -> Yếu + sắp quên
A17: Q13 | B17: 3 | C17: ĐSĐ | D17: =(LEN(C17)-LEN(SUBSTITUTE(C17,"S",""))+1)/(LEN(C17)+2) -> 0.4 | E17: 3 | F17: 13 | G17: =$B$2-F17 -> 4 | H17: ='Quy tac'!$B$5^(G17/E17) -> 0.86894045 | I17: =F17+E17 -> 16 | J17: =IF(AND(D17>='Quy tac'!$B$6,G17>=E17),"Yếu + sắp quên",IF(D17>='Quy tac'!$B$6,"Yếu",IF(G17>=E17,"Sắp quên","Ổn định"))) -> Sắp quên
A18: Q14 | B18: 4 | C18: SSĐĐ | D18: =(LEN(C18)-LEN(SUBSTITUTE(C18,"S",""))+1)/(LEN(C18)+2) -> 0.5 | E18: 3 | F18: 5 | G18: =$B$2-F18 -> 12 | H18: ='Quy tac'!$B$5^(G18/E18) -> 0.6561 | I18: =F18+E18 -> 8 | J18: =IF(AND(D18>='Quy tac'!$B$6,G18>=E18),"Yếu + sắp quên",IF(D18>='Quy tac'!$B$6,"Yếu",IF(G18>=E18,"Sắp quên","Ổn định"))) -> Yếu + sắp quên
A19: Q15 | B19: 4 | C19: SĐSĐ | D19: =(LEN(C19)-LEN(SUBSTITUTE(C19,"S",""))+1)/(LEN(C19)+2) -> 0.5 | E19: 3 | F19: 8 | G19: =$B$2-F19 -> 9 | H19: ='Quy tac'!$B$5^(G19/E19) -> 0.729 | I19: =F19+E19 -> 11 | J19: =IF(AND(D19>='Quy tac'!$B$6,G19>=E19),"Yếu + sắp quên",IF(D19>='Quy tac'!$B$6,"Yếu",IF(G19>=E19,"Sắp quên","Ổn định"))) -> Yếu + sắp quên
A20: Q16 | B20: 3 | C20: ĐSS | D20: =(LEN(C20)-LEN(SUBSTITUTE(C20,"S",""))+1)/(LEN(C20)+2) -> 0.6 | E20: 1 | F20: 17 | G20: =$B$2-F20 -> 0 | H20: ='Quy tac'!$B$5^(G20/E20) -> 1 | I20: =F20+E20 -> 18 | J20: =IF(AND(D20>='Quy tac'!$B$6,G20>=E20),"Yếu + sắp quên",IF(D20>='Quy tac'!$B$6,"Yếu",IF(G20>=E20,"Sắp quên","Ổn định"))) -> Yếu
A21: Q17 | B21: 4 | C21: SSĐĐ | D21: =(LEN(C21)-LEN(SUBSTITUTE(C21,"S",""))+1)/(LEN(C21)+2) -> 0.5 | E21: 3 | F21: 5.5 | G21: =$B$2-F21 -> 11.5 | H21: ='Quy tac'!$B$5^(G21/E21) -> 0.66772292 | I21: =F21+E21 -> 8.5 | J21: =IF(AND(D21>='Quy tac'!$B$6,G21>=E21),"Yếu + sắp quên",IF(D21>='Quy tac'!$B$6,"Yếu",IF(G21>=E21,"Sắp quên","Ổn định"))) -> Yếu + sắp quên
... A46: Q42 | B46: 1 | C46: Đ | D46: =(LEN(C46)-LEN(SUBSTITUTE(C46,"S",""))+1)/(LEN(C46)+2) -> 0.33333333 | E46: 3 | F46: 17 | G46: =$B$2-F46 -> 0 | H46: ='Quy tac'!$B$5^(G46/E46) -> 1 | I46: =F46+E46 -> 20 | J46: =IF(AND(D46>='Quy tac'!$B$6,G46>=E46),"Yếu + sắp quên",IF(D46>='Quy tac'!$B$6,"Yếu",IF(G46>=E46,"Sắp quên","Ổn định"))) -> Ổn định
A47: Q43 | B47: 0 | C47: — | D47: — | E47: — | F47: — | G47: — | H47: — | I47: — | J47: Chưa làm
A48: Q44 | B48: 0 | C48: — | D48: — | E48: — | F48: — | G48: — | H48: — | I48: — | J48: Chưa làm
A49: Q45 | B49: 0 | C49: — | D49: — | E49: — | F49: — | G49: — | H49: — | I49: — | J49: Chưa làm
A50: Q46 | B50: 0 | C50: — | D50: — | E50: — | F50: — | G50: — | H50: — | I50: — | J50: Chưa làm
A51: Q47 | B51: 0 | C51: — | D51: — | E51: — | F51: — | G51: — | H51: — | I51: — | J51: Chưa làm
A52: Q48 | B52: 0 | C52: — | D52: — | E52: — | F52: — | G52: — | H52: — | I52: — | J52: Chưa làm
A53: Q49 | B53: 0 | C53: — | D53: — | E53: — | F53: — | G53: — | H53: — | I53: — | J53: Chưa làm
A54: Q50 | B54: 0 | C54: — | D54: — | E54: — | F54: — | G54: — | H54: — | I54: — | J54: Chưa làm

Sheet So sanh 3 phien
A1: Cùng trạng thái trước phiên 10 (ngày 17), ba loại phiên chọn 7 câu ôn khác nhau (+3 câu mới như nhau)
A3: Điểm yếu (7 câu Yếu) | I3: Củng cố (7 câu Sắp quên) | Q3: Cân bằng (4 Yếu + 3 Sắp quên)
A4: Mã câu | B4: Nhóm | C4: Lịch sử | D4: Độ yếu | E4: S | F4: t | G4: R | I4: Mã câu | J4: Nhóm | K4: Lịch sử | L4: Độ yếu | M4: S | N4: t | O4: R | Q4: Mã câu | R4: Nhóm | S4: Lịch sử | T4: Độ yếu | U4: S | V4: t | W4: R
A5: Q34 | B5: Yếu | C5: SS | D5: 0.75 | E5: 1 | F5: 4 | G5: 0.6561 | I5: Q16 | J5: Sắp quên | K5: ĐS | L5: 0.5 | M5: 1 | N5: 7 | O5: 0.4782969 | Q5: Q34 | R5: Yếu | S5: SS | T5: 0.75 | U5: 1 | V5: 4 | W5: 0.6561
A6: Q09 | B6: Yếu | C6: ĐSSS | D6: 0.66666667 | E6: 1 | F6: 4 | G6: 0.6561 | I6: Q20 | J6: Sắp quên | K6: Đ | L6: 0.33333333 | M6: 3 | N6: 14 | O6: 0.61159657 | Q6: Q09 | R6: Yếu | S6: ĐSSS | T6: 0.66666667 | U6: 1 | V6: 4 | W6: 0.6561
A7: Q38 | B7: Yếu | C7: S | D7: 0.66666667 | E7: 1 | F7: 4 | G7: 0.6561 | I7: Q22 | J7: Sắp quên | K7: Đ | L7: 0.33333333 | M7: 3 | N7: 13 | O7: 0.63345759 | Q7: Q38 | R7: Yếu | S7: S | T7: 0.66666667 | U7: 1 | V7: 4 | W7: 0.6561
A8: Q39 | B8: Yếu | C8: S | D8: 0.66666667 | E8: 1 | F8: 4 | G8: 0.6561 | I8: Q34 | J8: Sắp quên | K8: SS | L8: 0.75 | M8: 1 | N8: 4 | O8: 0.6561 | Q8: Q39 | R8: Yếu | S8: S | T8: 0.66666667 | U8: 1 | V8: 4 | W8: 0.6561
A9: Q12 | B9: Yếu | C9: ĐSS | D9: 0.6 | E9: 1 | F9: 4 | G9: 0.6561 | I9: Q09 | J9: Sắp quên | K9: ĐSSS | L9: 0.66666667 | M9: 1 | N9: 4 | O9: 0.6561 | Q9: Q16 | R9: Sắp quên | S9: ĐS | T9: 0.5 | U9: 1 | V9: 7 | W9: 0.4782969
A10: Q16 | B10: Yếu | C10: ĐS | D10: 0.5 | E10: 1 | F10: 7 | G10: 0.4782969 | I10: Q38 | J10: Sắp quên | K10: S | L10: 0.66666667 | M10: 1 | N10: 4 | O10: 0.6561 | Q10: Q20 | R10: Sắp quên | S10: Đ | T10: 0.33333333 | U10: 3 | V10: 14 | W10: 0.61159657
A11: Q10 | B11: Yếu | C11: SĐĐS | D11: 0.5 | E11: 1 | F11: 4 | G11: 0.6561 | I11: Q39 | J11: Sắp quên | K11: S | L11: 0.66666667 | M11: 1 | N11: 4 | O11: 0.6561 | Q11: Q22 | R11: Sắp quên | S11: Đ | T11: 0.33333333 | U11: 3 | V11: 13 | W11: 0.63345759
A14: Nhóm Yếu có 15 câu, nhóm Sắp quên có 37 câu, còn 11 câu chưa làm. Hai nhóm trùng nhau 15 câu.
A15: Cả ba phiên đều lấy thêm 3 câu mới: Q40, Q41, Q42.
